,Position,Track Name,Artist,Streams,URL,rank,acousticness,analysis_url,danceability,duration_ms,energy,id,instrumentalness,key,liveness,loudness,mode,speechiness,tempo,time_signature,track_href,type,uri,valence
0,1,God's Plan,Drake,53416337,https://open.spotify.com/track/2XW4DbS6NddZxRPm5rMCeY,0,0.0244,https://api.spotify.com/v1/audio-analysis/2XW4DbS6NddZxRPm5rMCeY,0.753,198960,0.45399999999999996,2XW4DbS6NddZxRPm5rMCeY,5.6200000000000004e-05,7,0.498,-9.488,1,0.0963,77.17,4,https://api.spotify.com/v1/tracks/2XW4DbS6NddZxRPm5rMCeY,audio_features,spotify:track:2XW4DbS6NddZxRPm5rMCeY,0.344
1,2,All The Stars (with SZA),Kendrick Lamar,30168080,https://open.spotify.com/track/2Imq77E6CEJR5TPUxlJvTY,1,0.0548,https://api.spotify.com/v1/audio-analysis/2Imq77E6CEJR5TPUxlJvTY,0.532,232187,0.642,2Imq77E6CEJR5TPUxlJvTY,0.000246,5,0.0991,-4.891,0,0.111,193.016,4,https://api.spotify.com/v1/tracks/2Imq77E6CEJR5TPUxlJvTY,audio_features,spotify:track:2Imq77E6CEJR5TPUxlJvTY,0.536
2,3,Mine,Bazzi,23666856,https://open.spotify.com/track/6tHWl8ows5JOZq9Yfaqn3M,2,0.013999999999999999,https://api.spotify.com/v1/audio-analysis/6tHWl8ows5JOZq9Yfaqn3M,0.716,133995,0.805,6tHWl8ows5JOZq9Yfaqn3M,3.1e-06,4,0.29100000000000004,-3.839,1,0.0856,142.886,4,https://api.spotify.com/v1/tracks/6tHWl8ows5JOZq9Yfaqn3M,audio_features,spotify:track:6tHWl8ows5JOZq9Yfaqn3M,0.7190000000000001
3,4,Pray For Me (with Kendrick Lamar),The Weeknd,22395543,https://open.spotify.com/track/4ofvoCdXq99vpMZO4Cfp8x,3,0.0805,https://api.spotify.com/v1/audio-analysis/4ofvoCdXq99vpMZO4Cfp8x,0.728,211440,0.6679999999999999,4ofvoCdXq99vpMZO4Cfp8x,1.49e-05,2,0.102,-5.02,1,0.126,100.537,4,https://api.spotify.com/v1/tracks/4ofvoCdXq99vpMZO4Cfp8x,audio_features,spotify:track:4ofvoCdXq99vpMZO4Cfp8x,0.162
4,5,IDGAF,Dua Lipa,21322467,https://open.spotify.com/track/76cy1WJvNGJTj78UqeA5zr,4,0.0433,https://api.spotify.com/v1/audio-analysis/76cy1WJvNGJTj78UqeA5zr,0.836,218173,0.552,76cy1WJvNGJTj78UqeA5zr,0.0,7,0.0773,-5.66,1,0.0851,97.036,4,https://api.spotify.com/v1/tracks/76cy1WJvNGJTj78UqeA5zr,audio_features,spotify:track:76cy1WJvNGJTj78UqeA5zr,0.525
5,6,rockstar,Post Malone,21291755,https://open.spotify.com/track/2U7Hu2RaNQNRi7izoJyZaX,5,0.11699999999999999,https://api.spotify.com/v1/audio-analysis/2U7Hu2RaNQNRi7izoJyZaX,0.578,218320,0.532,2U7Hu2RaNQNRi7izoJyZaX,8.97e-05,5,0.14300000000000002,-6.636,0,0.066,159.784,4,https://api.spotify.com/v1/tracks/2U7Hu2RaNQNRi7izoJyZaX,audio_features,spotify:track:2U7Hu2RaNQNRi7izoJyZaX,0.12
6,7,Look Alive (feat. Drake),BlocBoy JB,19920253,https://open.spotify.com/track/4qKcDkK6siZ7Jp1Jb4m0aL,6,0.0010400000000000001,https://api.spotify.com/v1/audio-analysis/4qKcDkK6siZ7Jp1Jb4m0aL,0.922,181263,0.581,4qKcDkK6siZ7Jp1Jb4m0aL,5.8599999999999995e-05,10,0.105,-7.495,1,0.27,140.02200000000002,4,https://api.spotify.com/v1/tracks/4qKcDkK6siZ7Jp1Jb4m0aL,audio_features,spotify:track:4qKcDkK6siZ7Jp1Jb4m0aL,0.595
7,8,Havana,Camila Cabello,19736610,https://open.spotify.com/track/1rfofaqEpACxVEHIZBJe6W,7,0.184,https://api.spotify.com/v1/audio-analysis/1rfofaqEpACxVEHIZBJe6W,0.765,217307,0.523,1rfofaqEpACxVEHIZBJe6W,3.5600000000000005e-05,2,0.132,-4.333,1,0.03,104.988,4,https://api.spotify.com/v1/tracks/1rfofaqEpACxVEHIZBJe6W,audio_features,spotify:track:1rfofaqEpACxVEHIZBJe6W,0.39399999999999996
8,9,Dura,Daddy Yankee,18068532,https://open.spotify.com/track/2j2fIJGh4PMdXt9ULI5Tlc,8,0.174,https://api.spotify.com/v1/audio-analysis/2j2fIJGh4PMdXt9ULI5Tlc,0.7859999999999999,200480,0.846,2j2fIJGh4PMdXt9ULI5Tlc,0.0,1,0.413,-3.468,1,0.0505,95.005,4,https://api.spotify.com/v1/tracks/2j2fIJGh4PMdXt9ULI5Tlc,audio_features,spotify:track:2j2fIJGh4PMdXt9ULI5Tlc,0.8190000000000001
9,10,FRIENDS,Marshmello,17913457,https://open.spotify.com/track/08bNPGLD8AhKpnnERrAc6G,9,0.205,https://api.spotify.com/v1/audio-analysis/08bNPGLD8AhKpnnERrAc6G,0.626,202621,0.88,08bNPGLD8AhKpnnERrAc6G,0.0,9,0.128,-2.384,0,0.0504,95.079,4,https://api.spotify.com/v1/tracks/08bNPGLD8AhKpnnERrAc6G,audio_features,spotify:track:08bNPGLD8AhKpnnERrAc6G,0.534
10,11,The Middle,Zedd,17897973,https://open.spotify.com/track/09IStsImFySgyp0pIQdqAc,10,0.20800000000000002,https://api.spotify.com/v1/audio-analysis/2ARqIya5NAuvFVHSN3bL0m,0.748,184732,0.652,2ARqIya5NAuvFVHSN3bL0m,0.0,7,0.128,-3.02,1,0.057999999999999996,106.914,4,https://api.spotify.com/v1/tracks/2ARqIya5NAuvFVHSN3bL0m,audio_features,spotify:track:2ARqIya5NAuvFVHSN3bL0m,0.431
11,12,River (feat. Ed Sheeran),Eminem,17596221,https://open.spotify.com/track/5UEnHoDYpsxlfzWLZIc7LD,11,0.17,https://api.spotify.com/v1/audio-analysis/5UEnHoDYpsxlfzWLZIc7LD,0.757,221013,0.748,5UEnHoDYpsxlfzWLZIc7LD,0.0,8,0.0759,-5.794,0,0.473,90.052,4,https://api.spotify.com/v1/tracks/5UEnHoDYpsxlfzWLZIc7LD,audio_features,spotify:track:5UEnHoDYpsxlfzWLZIc7LD,0.693
12,13,"These Days (feat. Jess Glynne, Macklemore & Dan Caplen)",Rudimental,17508441,https://open.spotify.com/track/5CLGzJsGqhCEECcpnFQA8x,12,0.19399999999999998,https://api.spotify.com/v1/audio-analysis/5CLGzJsGqhCEECcpnFQA8x,0.653,210773,0.809,5CLGzJsGqhCEECcpnFQA8x,0.0,0,0.165,-4.0569999999999995,1,0.0474,92.213,4,https://api.spotify.com/v1/tracks/5CLGzJsGqhCEECcpnFQA8x,audio_features,spotify:track:5CLGzJsGqhCEECcpnFQA8x,0.55
13,14,Finesse (Remix) [feat. Cardi B],Bruno Mars,16499044,https://open.spotify.com/track/3Vo4wInECJQuz9BIBMOu8i,13,0.0185,https://api.spotify.com/v1/audio-analysis/3Vo4wInECJQuz9BIBMOu8i,0.7040000000000001,217289,0.8590000000000001,3Vo4wInECJQuz9BIBMOu8i,0.0,5,0.0215,-4.877,0,0.0996,105.115,4,https://api.spotify.com/v1/tracks/3Vo4wInECJQuz9BIBMOu8i,audio_features,spotify:track:3Vo4wInECJQuz9BIBMOu8i,0.9259999999999999
14,15,Sick Boy,The Chainsmokers,15514241,https://open.spotify.com/track/2IKZkwHI5zsZf70STuhvOX,14,0.10400000000000001,https://api.spotify.com/v1/audio-analysis/2IKZkwHI5zsZf70STuhvOX,0.5479999999999999,193893,0.58,2IKZkwHI5zsZf70STuhvOX,0.0,11,0.127,-7.524,0,0.121,180.06599999999997,4,https://api.spotify.com/v1/tracks/2IKZkwHI5zsZf70STuhvOX,audio_features,spotify:track:2IKZkwHI5zsZf70STuhvOX,0.462
15,16,Échame La Culpa,Luis Fonsi,15494467,https://open.spotify.com/track/1zsG4eaZmkA1dvjDDsAGLK,15,0.0322,https://api.spotify.com/v1/audio-analysis/1zsG4eaZmkA1dvjDDsAGLK,0.7240000000000001,173720,0.895,1zsG4eaZmkA1dvjDDsAGLK,0.0,7,0.09699999999999999,-3.617,1,0.0411,96.022,4,https://api.spotify.com/v1/tracks/1zsG4eaZmkA1dvjDDsAGLK,audio_features,spotify:track:1zsG4eaZmkA1dvjDDsAGLK,0.64
16,17,Never Be the Same,Camila Cabello,15352945,https://open.spotify.com/track/4eWQlBRaTjPPUlzacqEeoQ,16,0.18100000000000002,https://api.spotify.com/v1/audio-analysis/4eWQlBRaTjPPUlzacqEeoQ,0.637,226973,0.713,4eWQlBRaTjPPUlzacqEeoQ,0.000637,0,0.13699999999999998,-4.333,1,0.0747,129.923,4,https://api.spotify.com/v1/tracks/4eWQlBRaTjPPUlzacqEeoQ,audio_features,spotify:track:4eWQlBRaTjPPUlzacqEeoQ,0.243
17,18,Amorfoda,Bad Bunny,14639577,https://open.spotify.com/track/3ITvHA9zhZZdBJsOsAUegF,17,0.983,https://api.spotify.com/v1/audio-analysis/3ITvHA9zhZZdBJsOsAUegF,0.727,155676,0.461,3ITvHA9zhZZdBJsOsAUegF,7.859999999999999e-05,9,0.0796,-7.527,0,0.0749,148.129,3,https://api.spotify.com/v1/tracks/3ITvHA9zhZZdBJsOsAUegF,audio_features,spotify:track:3ITvHA9zhZZdBJsOsAUegF,0.198
18,19,Stir Fry,Migos,14468212,https://open.spotify.com/track/2UVbBKQOdFAekPTRsnkzcf,18,0.00299,https://api.spotify.com/v1/audio-analysis/2UVbBKQOdFAekPTRsnkzcf,0.815,190288,0.816,2UVbBKQOdFAekPTRsnkzcf,0.0,2,0.159,-5.474,1,0.26899999999999996,181.967,4,https://api.spotify.com/v1/tracks/2UVbBKQOdFAekPTRsnkzcf,audio_features,spotify:track:2UVbBKQOdFAekPTRsnkzcf,0.498
19,20,Perfect,Ed Sheeran,14209752,https://open.spotify.com/track/0tgVpDi06FyKpA1z0VMD4v,19,0.163,https://api.spotify.com/v1/audio-analysis/0tgVpDi06FyKpA1z0VMD4v,0.599,263400,0.44799999999999995,0tgVpDi06FyKpA1z0VMD4v,0.0,8,0.106,-6.312,1,0.0232,95.05,3,https://api.spotify.com/v1/tracks/0tgVpDi06FyKpA1z0VMD4v,audio_features,spotify:track:0tgVpDi06FyKpA1z0VMD4v,0.168
20,21,Wolves,Selena Gomez,14181680,https://open.spotify.com/track/7EmGUiUaOSGDnUUQUDrOXC,20,0.139,https://api.spotify.com/v1/audio-analysis/7EmGUiUaOSGDnUUQUDrOXC,0.715,197993,0.802,7EmGUiUaOSGDnUUQUDrOXC,0.0,11,0.177,-4.647,0,0.0394,124.98899999999999,4,https://api.spotify.com/v1/tracks/7EmGUiUaOSGDnUUQUDrOXC,audio_features,spotify:track:7EmGUiUaOSGDnUUQUDrOXC,0.327
21,22,New Rules,Dua Lipa,14158930,https://open.spotify.com/track/2ekn2ttSfGqwhhate0LSR0,21,0.00256,https://api.spotify.com/v1/audio-analysis/2ekn2ttSfGqwhhate0LSR0,0.7709999999999999,208827,0.696,2ekn2ttSfGqwhhate0LSR0,9.71e-06,9,0.179,-6.257999999999999,0,0.0755,116.054,4,https://api.spotify.com/v1/tracks/2ekn2ttSfGqwhhate0LSR0,audio_features,spotify:track:2ekn2ttSfGqwhhate0LSR0,0.6559999999999999
22,23,Meant to Be (feat. Florida Georgia Line),Bebe Rexha,13973085,https://open.spotify.com/track/7iDa6hUg2VgEL1o1HjmfBn,22,0.047,https://api.spotify.com/v1/audio-analysis/7iDa6hUg2VgEL1o1HjmfBn,0.643,163870,0.7829999999999999,7iDa6hUg2VgEL1o1HjmfBn,0.0,10,0.083,-6.457999999999999,1,0.0856,154.084,4,https://api.spotify.com/v1/tracks/7iDa6hUg2VgEL1o1HjmfBn,audio_features,spotify:track:7iDa6hUg2VgEL1o1HjmfBn,0.579
23,24,Him & I (with Halsey),G-Eazy,13570902,https://open.spotify.com/track/5k38wzpLb15YgncyWdTZE4,23,0.0534,https://api.spotify.com/v1/audio-analysis/5k38wzpLb15YgncyWdTZE4,0.589,268867,0.731,5k38wzpLb15YgncyWdTZE4,0.0,2,0.308,-6.343,1,0.0868,87.90799999999999,4,https://api.spotify.com/v1/tracks/5k38wzpLb15YgncyWdTZE4,audio_features,spotify:track:5k38wzpLb15YgncyWdTZE4,0.191
24,25,Love Lies,Khalid,13554767,https://open.spotify.com/track/45Egmo7icyopuzJN0oMEdk,24,0.0956,https://api.spotify.com/v1/audio-analysis/45Egmo7icyopuzJN0oMEdk,0.708,201707,0.648,45Egmo7icyopuzJN0oMEdk,0.0,6,0.134,-5.626,1,0.0449,143.955,4,https://api.spotify.com/v1/tracks/45Egmo7icyopuzJN0oMEdk,audio_features,spotify:track:45Egmo7icyopuzJN0oMEdk,0.33799999999999997
25,26,I Fall Apart,Post Malone,13291809,https://open.spotify.com/track/75ZvA4QfFiZvzhj2xkaWAh,25,0.0777,https://api.spotify.com/v1/audio-analysis/75ZvA4QfFiZvzhj2xkaWAh,0.573,223347,0.5429999999999999,75ZvA4QfFiZvzhj2xkaWAh,0.0,8,0.19899999999999998,-5.357,0,0.0398,143.916,4,https://api.spotify.com/v1/tracks/75ZvA4QfFiZvzhj2xkaWAh,audio_features,spotify:track:75ZvA4QfFiZvzhj2xkaWAh,0.308
26,27,For You (Fifty Shades Freed) (& Rita Ora),Liam Payne,13208405,https://open.spotify.com/track/5hM6sP0Gh1jD57drszNueC,26,0.0188,https://api.spotify.com/v1/audio-analysis/5hM6sP0Gh1jD57drszNueC,0.483,244293,0.799,5hM6sP0Gh1jD57drszNueC,0.0,2,0.226,-4.567,0,0.0366,112.946,4,https://api.spotify.com/v1/tracks/5hM6sP0Gh1jD57drszNueC,audio_features,spotify:track:5hM6sP0Gh1jD57drszNueC,0.171
27,28,Let You Down,NF,12921452,https://open.spotify.com/track/6mrKP2jyIQmM0rw6fQryjr,27,0.33,https://api.spotify.com/v1/audio-analysis/6mrKP2jyIQmM0rw6fQryjr,0.659,212120,0.716,6mrKP2jyIQmM0rw6fQryjr,0.0,5,0.17300000000000001,-5.672999999999999,0,0.111,148.015,4,https://api.spotify.com/v1/tracks/6mrKP2jyIQmM0rw6fQryjr,audio_features,spotify:track:6mrKP2jyIQmM0rw6fQryjr,0.43700000000000006
28,29,"King's Dead (with Kendrick Lamar, Future & James Blake)",Jay Rock,12530784,https://open.spotify.com/track/51rXHuKN8Loc4sUlKPODgH,28,0.000874,https://api.spotify.com/v1/audio-analysis/51rXHuKN8Loc4sUlKPODgH,0.563,229670,0.7170000000000001,51rXHuKN8Loc4sUlKPODgH,0.0,1,0.183,-5.186,1,0.337,82.064,4,https://api.spotify.com/v1/tracks/51rXHuKN8Loc4sUlKPODgH,audio_features,spotify:track:51rXHuKN8Loc4sUlKPODgH,0.42700000000000005
29,30,Bella,Wolfine,12301198,https://open.spotify.com/track/4R55IUi2x7S5ek2SpebOiE,29,0.128,https://api.spotify.com/v1/audio-analysis/4R55IUi2x7S5ek2SpebOiE,0.909,197120,0.493,4R55IUi2x7S5ek2SpebOiE,0.000147,3,0.127,-6.688,1,0.0735,94.016,4,https://api.spotify.com/v1/tracks/4R55IUi2x7S5ek2SpebOiE,audio_features,spotify:track:4R55IUi2x7S5ek2SpebOiE,0.8440000000000001
30,31,"Let Me Go (with Alesso, Florida Georgia Line & watt)",Hailee Steinfeld,12126692,https://open.spotify.com/track/5AEtlRudpgdT5FtNiuly6Y,30,0.0393,https://api.spotify.com/v1/audio-analysis/5AEtlRudpgdT5FtNiuly6Y,0.659,174800,0.7170000000000001,5AEtlRudpgdT5FtNiuly6Y,0.0,8,0.0769,-4.202,1,0.0581,103.036,4,https://api.spotify.com/v1/tracks/5AEtlRudpgdT5FtNiuly6Y,audio_features,spotify:track:5AEtlRudpgdT5FtNiuly6Y,0.71
31,32,Shape of You,Ed Sheeran,12124920,https://open.spotify.com/track/7qiZfU4dY1lWllzX7mPBI3,31,0.581,https://api.spotify.com/v1/audio-analysis/7qiZfU4dY1lWllzX7mPBI3,0.825,233713,0.652,7qiZfU4dY1lWllzX7mPBI3,0.0,1,0.0931,-3.1830000000000003,0,0.0802,95.977,4,https://api.spotify.com/v1/tracks/7qiZfU4dY1lWllzX7mPBI3,audio_features,spotify:track:7qiZfU4dY1lWllzX7mPBI3,0.9309999999999999
32,33,Corazón,Maluma,11454758,https://open.spotify.com/track/4lESS6vuruP6a79KWRaQou,32,0.28300000000000003,https://api.spotify.com/v1/audio-analysis/4lESS6vuruP6a79KWRaQou,0.871,184067,0.768,4lESS6vuruP6a79KWRaQou,2.25e-05,4,0.162,-5.401,0,0.122,98.98899999999999,4,https://api.spotify.com/v1/tracks/4lESS6vuruP6a79KWRaQou,audio_features,spotify:track:4lESS6vuruP6a79KWRaQou,0.765
33,34,I Miss You (feat. Julia Michaels),Clean Bandit,11311372,https://open.spotify.com/track/2xmrfQpmS2iJExTlklLoAL,33,0.245,https://api.spotify.com/v1/audio-analysis/2xmrfQpmS2iJExTlklLoAL,0.638,205748,0.6579999999999999,2xmrfQpmS2iJExTlklLoAL,3.77e-06,3,0.0919,-6.318,1,0.0456,105.07600000000001,4,https://api.spotify.com/v1/tracks/2xmrfQpmS2iJExTlklLoAL,audio_features,spotify:track:2xmrfQpmS2iJExTlklLoAL,0.33
34,35,Capital Letters,Hailee Steinfeld,11155603,https://open.spotify.com/track/3towKHKVOXCCcL1fHv6xFO,34,0.0388,https://api.spotify.com/v1/audio-analysis/2bllegdYt2WoYdbRZyJ730,0.669,219386,0.8140000000000001,2bllegdYt2WoYdbRZyJ730,3.71e-06,0,0.0834,-5.507999999999999,1,0.0715,100.065,4,https://api.spotify.com/v1/tracks/2bllegdYt2WoYdbRZyJ730,audio_features,spotify:track:2bllegdYt2WoYdbRZyJ730,0.457
35,36,Déjala Que Vuelva (feat. Manuel Turizo),Piso 21,10995579,https://open.spotify.com/track/33bnxcjePIkcmNjEFTJX0l,35,0.0482,https://api.spotify.com/v1/audio-analysis/33bnxcjePIkcmNjEFTJX0l,0.6809999999999999,220117,0.7879999999999999,33bnxcjePIkcmNjEFTJX0l,0.0,1,0.0753,-4.323,1,0.0785,170.019,4,https://api.spotify.com/v1/tracks/33bnxcjePIkcmNjEFTJX0l,audio_features,spotify:track:33bnxcjePIkcmNjEFTJX0l,0.8390000000000001
36,37,Downtown,Anitta,10849879,https://open.spotify.com/track/3Ga6eKrUFf12ouh9Yw3v2D,36,0.18,https://api.spotify.com/v1/audio-analysis/3Ga6eKrUFf12ouh9Yw3v2D,0.775,193456,0.679,3Ga6eKrUFf12ouh9Yw3v2D,7.26e-05,4,0.068,-4.985,0,0.135,166.00799999999998,4,https://api.spotify.com/v1/tracks/3Ga6eKrUFf12ouh9Yw3v2D,audio_features,spotify:track:3Ga6eKrUFf12ouh9Yw3v2D,0.619
37,38,Say Something,Justin Timberlake,10740439,https://open.spotify.com/track/1LhMopPAallLeaeNutqbgS,37,0.10300000000000001,https://api.spotify.com/v1/audio-analysis/1LhMopPAallLeaeNutqbgS,0.7070000000000001,278893,0.632,1LhMopPAallLeaeNutqbgS,1.09e-05,10,0.0841,-7.031000000000001,1,0.0789,97.04,4,https://api.spotify.com/v1/tracks/1LhMopPAallLeaeNutqbgS,audio_features,spotify:track:1LhMopPAallLeaeNutqbgS,0.37200000000000005
38,39,Criminal,Natti Natasha,10556847,https://open.spotify.com/track/6Za3190Sbw39BBC77WSS1C,38,0.03,https://api.spotify.com/v1/audio-analysis/6Za3190Sbw39BBC77WSS1C,0.8140000000000001,232550,0.813,6Za3190Sbw39BBC77WSS1C,9.329999999999999e-05,2,0.255,-3.023,0,0.0561,79.997,4,https://api.spotify.com/v1/tracks/6Za3190Sbw39BBC77WSS1C,audio_features,spotify:track:6Za3190Sbw39BBC77WSS1C,0.8390000000000001
39,40,Rewrite The Stars,Zac Efron,10288625,https://open.spotify.com/track/630sXRhIcfwr2e4RdNtjKN,39,0.0716,https://api.spotify.com/v1/audio-analysis/630sXRhIcfwr2e4RdNtjKN,0.684,217440,0.619,630sXRhIcfwr2e4RdNtjKN,0.0,10,0.122,-7.005,1,0.0386,125.046,4,https://api.spotify.com/v1/tracks/630sXRhIcfwr2e4RdNtjKN,audio_features,spotify:track:630sXRhIcfwr2e4RdNtjKN,0.284
40,41,Silence,Marshmello,10256888,https://open.spotify.com/track/7vGuf3Y35N4wmASOKLUVVU,40,0.256,https://api.spotify.com/v1/audio-analysis/7vGuf3Y35N4wmASOKLUVVU,0.52,180823,0.7609999999999999,7vGuf3Y35N4wmASOKLUVVU,4.96e-06,4,0.17,-3.093,1,0.0853,141.971,4,https://api.spotify.com/v1/tracks/7vGuf3Y35N4wmASOKLUVVU,audio_features,spotify:track:7vGuf3Y35N4wmASOKLUVVU,0.28600000000000003
41,42,X (with 2 Chainz & Saudi),ScHoolboy Q,10009254,https://open.spotify.com/track/4LmAnpjlhWTahvRkYR8xJa,41,0.0417,https://api.spotify.com/v1/audio-analysis/6QgjcU0zLnzq5OrUoSZ3OK,0.8009999999999999,163253,0.795,6QgjcU0zLnzq5OrUoSZ3OK,0.000113,1,0.0717,-5.115,0,0.0504,79.028,4,https://api.spotify.com/v1/tracks/6QgjcU0zLnzq5OrUoSZ3OK,audio_features,spotify:track:6QgjcU0zLnzq5OrUoSZ3OK,0.754
42,43,The Ways (with Swae Lee),Khalid,9894231,https://open.spotify.com/track/5jyyPsIGM2yqkZN9R3TmvN,42,0.0739,https://api.spotify.com/v1/audio-analysis/5jyyPsIGM2yqkZN9R3TmvN,0.725,238893,0.7190000000000001,5jyyPsIGM2yqkZN9R3TmvN,0.0,11,0.14800000000000002,-5.885,0,0.0545,140.01,4,https://api.spotify.com/v1/tracks/5jyyPsIGM2yqkZN9R3TmvN,audio_features,spotify:track:5jyyPsIGM2yqkZN9R3TmvN,0.57
43,44,What Lovers Do (feat. SZA),Maroon 5,9885743,https://open.spotify.com/track/3hBBKuWJfxlIlnd9QFoC8k,43,0.0805,https://api.spotify.com/v1/audio-analysis/4nYsmWkuTaowTMy4gskmBw,0.792,199849,0.612,4nYsmWkuTaowTMy4gskmBw,3.83e-06,5,0.0852,-5.212000000000001,0,0.0693,109.959,4,https://api.spotify.com/v1/tracks/4nYsmWkuTaowTMy4gskmBw,audio_features,spotify:track:4nYsmWkuTaowTMy4gskmBw,0.42
44,45,This Is Me,Keala Settle,9795918,https://open.spotify.com/track/2xGjteMU3E1tkEPVFBO08U,44,0.0805,https://api.spotify.com/v1/audio-analysis/4nYsmWkuTaowTMy4gskmBw,0.792,199849,0.612,4nYsmWkuTaowTMy4gskmBw,3.83e-06,5,0.0852,-5.212000000000001,0,0.0693,109.959,4,https://api.spotify.com/v1/tracks/4nYsmWkuTaowTMy4gskmBw,audio_features,spotify:track:4nYsmWkuTaowTMy4gskmBw,0.42
45,46,Feel It Still,Portugal. The Man,9723542,https://open.spotify.com/track/6QgjcU0zLnzq5OrUoSZ3OK,45,0.0417,https://api.spotify.com/v1/audio-analysis/6QgjcU0zLnzq5OrUoSZ3OK,0.8009999999999999,163253,0.795,6QgjcU0zLnzq5OrUoSZ3OK,0.000113,1,0.0717,-5.115,0,0.0504,79.028,4,https://api.spotify.com/v1/tracks/6QgjcU0zLnzq5OrUoSZ3OK,audio_features,spotify:track:6QgjcU0zLnzq5OrUoSZ3OK,0.754
46,47,Too Good At Goodbyes,Sam Smith,9704921,https://open.spotify.com/track/1mXVgsBdtIVeCLJnSnmtdV,46,0.615,https://api.spotify.com/v1/audio-analysis/3VlbOrM6nYPprVvzBZllE5,0.6609999999999999,201000,0.373,3VlbOrM6nYPprVvzBZllE5,0.0,5,0.177,-8.249,1,0.0505,91.5,4,https://api.spotify.com/v1/tracks/3VlbOrM6nYPprVvzBZllE5,audio_features,spotify:track:3VlbOrM6nYPprVvzBZllE5,0.523
47,48,Thunder,Imagine Dragons,9532196,https://open.spotify.com/track/5VnDkUNyX6u5Sk0yZiP8XB,47,0.00782,https://api.spotify.com/v1/audio-analysis/5VnDkUNyX6u5Sk0yZiP8XB,0.604,187147,0.826,5VnDkUNyX6u5Sk0yZiP8XB,0.15,0,0.154,-4.803999999999999,1,0.0434,167.985,4,https://api.spotify.com/v1/tracks/5VnDkUNyX6u5Sk0yZiP8XB,audio_features,spotify:track:5VnDkUNyX6u5Sk0yZiP8XB,0.24100000000000002
48,49,Sensualidad,Bad Bunny,9390882,https://open.spotify.com/track/5hcisvFMidkMJlElTO9Qmw,48,0.423,https://api.spotify.com/v1/audio-analysis/5hcisvFMidkMJlElTO9Qmw,0.807,297485,0.6809999999999999,5hcisvFMidkMJlElTO9Qmw,0.0,11,0.0962,-6.268,1,0.0983,140.006,4,https://api.spotify.com/v1/tracks/5hcisvFMidkMJlElTO9Qmw,audio_features,spotify:track:5hcisvFMidkMJlElTO9Qmw,0.6759999999999999
49,50,XO TOUR Llif3,Lil Uzi Vert,9182439,https://open.spotify.com/track/7GX5flRQZVHRAGd6B4TmDO,49,0.00264,https://api.spotify.com/v1/audio-analysis/7GX5flRQZVHRAGd6B4TmDO,0.732,182707,0.75,7GX5flRQZVHRAGd6B4TmDO,0.0,11,0.109,-6.3660000000000005,0,0.231,155.096,4,https://api.spotify.com/v1/tracks/7GX5flRQZVHRAGd6B4TmDO,audio_features,spotify:track:7GX5flRQZVHRAGd6B4TmDO,0.401
50,51,Narcos,Migos,8635931,https://open.spotify.com/track/0wbnC9AUenxp613TYaJsGK,0,0.0146,https://api.spotify.com/v1/audio-analysis/0wbnC9AUenxp613TYaJsGK,0.9359999999999999,255379,0.588,0wbnC9AUenxp613TYaJsGK,0.0,7,0.139,-6.9479999999999995,0,0.136,124.98700000000001,4,https://api.spotify.com/v1/tracks/0wbnC9AUenxp613TYaJsGK,audio_features,spotify:track:0wbnC9AUenxp613TYaJsGK,0.23800000000000002
51,52,EL BAÑO,Enrique Iglesias,8495935,https://open.spotify.com/track/2vvdTrdryjsl8DmPIMDWZU,1,0.132,https://api.spotify.com/v1/audio-analysis/2vvdTrdryjsl8DmPIMDWZU,0.7190000000000001,228139,0.8420000000000001,2vvdTrdryjsl8DmPIMDWZU,0.0,6,0.105,-3.562,0,0.0383,90.01700000000001,4,https://api.spotify.com/v1/tracks/2vvdTrdryjsl8DmPIMDWZU,audio_features,spotify:track:2vvdTrdryjsl8DmPIMDWZU,0.534
52,53,Ric Flair Drip (& Metro Boomin),Offset,8466568,https://open.spotify.com/track/7sO5G9EABYOXQKNPNiE9NR,2,0.149,https://api.spotify.com/v1/audio-analysis/7sO5G9EABYOXQKNPNiE9NR,0.88,172800,0.428,7sO5G9EABYOXQKNPNiE9NR,5.07e-05,9,0.114,-8.28,1,0.20600000000000002,100.007,4,https://api.spotify.com/v1/tracks/7sO5G9EABYOXQKNPNiE9NR,audio_features,spotify:track:7sO5G9EABYOXQKNPNiE9NR,0.33299999999999996
53,54,Heaven,Julia Michaels,8330083,https://open.spotify.com/track/4QfNOZN7vrQCQKK1ZJ3XPb,3,0.862,https://api.spotify.com/v1/audio-analysis/1T575AhHueYinKSDflEsGK,0.5539999999999999,191787,0.37799999999999995,1T575AhHueYinKSDflEsGK,0.0,7,0.0829,-9.168,0,0.0384,199.831,3,https://api.spotify.com/v1/tracks/1T575AhHueYinKSDflEsGK,audio_features,spotify:track:1T575AhHueYinKSDflEsGK,0.284
54,55,Tip Toe (feat. French Montana),Jason Derulo,8242307,https://open.spotify.com/track/2z4pcBLQXF2BXKFvd0BuB6,4,0.0233,https://api.spotify.com/v1/audio-analysis/2z4pcBLQXF2BXKFvd0BuB6,0.845,187521,0.7090000000000001,2z4pcBLQXF2BXKFvd0BuB6,0.0,10,0.094,-4.547,0,0.0714,98.06200000000001,4,https://api.spotify.com/v1/tracks/2z4pcBLQXF2BXKFvd0BuB6,audio_features,spotify:track:2z4pcBLQXF2BXKFvd0BuB6,0.62
55,56,HUMBLE.,Kendrick Lamar,8123078,https://open.spotify.com/track/7KXjTSCq5nL1LoYtL7XAwS,5,0.000259,https://api.spotify.com/v1/audio-analysis/7KXjTSCq5nL1LoYtL7XAwS,0.904,177000,0.611,7KXjTSCq5nL1LoYtL7XAwS,2.0300000000000002e-05,1,0.0976,-6.8420000000000005,0,0.0888,150.02,4,https://api.spotify.com/v1/tracks/7KXjTSCq5nL1LoYtL7XAwS,audio_features,spotify:track:7KXjTSCq5nL1LoYtL7XAwS,0.4
56,57,Perfect Duet (Ed Sheeran & Beyoncé),Ed Sheeran,8015800,https://open.spotify.com/track/1bhUWB0zJMIKr9yVPrkEuI,6,0.779,https://api.spotify.com/v1/audio-analysis/1bhUWB0zJMIKr9yVPrkEuI,0.5870000000000001,259550,0.299,1bhUWB0zJMIKr9yVPrkEuI,0.0,8,0.12300000000000001,-7.365,1,0.0263,94.992,3,https://api.spotify.com/v1/tracks/1bhUWB0zJMIKr9yVPrkEuI,audio_features,spotify:track:1bhUWB0zJMIKr9yVPrkEuI,0.35600000000000004
57,58,So Far Away,Martin Garrix,7924787,https://open.spotify.com/track/0OlnLZY4cmQzT6ZGttvWBM,7,0.435,https://api.spotify.com/v1/audio-analysis/0OlnLZY4cmQzT6ZGttvWBM,0.526,183637,0.52,0OlnLZY4cmQzT6ZGttvWBM,0.0,6,0.19699999999999998,-7.985,0,0.0569,149.119,4,https://api.spotify.com/v1/tracks/0OlnLZY4cmQzT6ZGttvWBM,audio_features,spotify:track:0OlnLZY4cmQzT6ZGttvWBM,0.13
58,59,Young Dumb & Broke,Khalid,7894637,https://open.spotify.com/track/5Z3GHaZ6ec9bsiI5BenrbY,8,0.19899999999999998,https://api.spotify.com/v1/audio-analysis/5Z3GHaZ6ec9bsiI5BenrbY,0.7979999999999999,202547,0.539,5Z3GHaZ6ec9bsiI5BenrbY,1.66e-05,1,0.165,-6.351,1,0.0421,136.94899999999998,4,https://api.spotify.com/v1/tracks/5Z3GHaZ6ec9bsiI5BenrbY,audio_features,spotify:track:5Z3GHaZ6ec9bsiI5BenrbY,0.39399999999999996
59,60,LOVE. FEAT. ZACARI.,Kendrick Lamar,7878187,https://open.spotify.com/track/6PGoSes0D9eUDeeAafB2As,9,0.29,https://api.spotify.com/v1/audio-analysis/6PGoSes0D9eUDeeAafB2As,0.7979999999999999,213400,0.5820000000000001,6PGoSes0D9eUDeeAafB2As,0.0,10,0.153,-7.38,1,0.10300000000000001,126.075,4,https://api.spotify.com/v1/tracks/6PGoSes0D9eUDeeAafB2As,audio_features,spotify:track:6PGoSes0D9eUDeeAafB2As,0.7659999999999999
60,61,Congratulations,Post Malone,7863361,https://open.spotify.com/track/3a1lNhkSLSkpJE4MSHpDu9,10,0.198,https://api.spotify.com/v1/audio-analysis/3a1lNhkSLSkpJE4MSHpDu9,0.627,220293,0.812,3a1lNhkSLSkpJE4MSHpDu9,0.0,6,0.212,-4.215,1,0.0358,123.071,4,https://api.spotify.com/v1/tracks/3a1lNhkSLSkpJE4MSHpDu9,audio_features,spotify:track:3a1lNhkSLSkpJE4MSHpDu9,0.504
61,62,Dusk Till Dawn - Radio Edit,ZAYN,7834233,https://open.spotify.com/track/1j4kHkkpqZRBwE0A4CN4Yv,11,0.10099999999999999,https://api.spotify.com/v1/audio-analysis/1j4kHkkpqZRBwE0A4CN4Yv,0.258,239000,0.43700000000000006,1j4kHkkpqZRBwE0A4CN4Yv,1.27e-06,11,0.106,-6.593,0,0.039,180.043,4,https://api.spotify.com/v1/tracks/1j4kHkkpqZRBwE0A4CN4Yv,audio_features,spotify:track:1j4kHkkpqZRBwE0A4CN4Yv,0.0967
62,63,No Limit,G-Eazy,7615549,https://open.spotify.com/track/2DQ1ITjI0YoLFzuADN1ZBW,12,0.0117,https://api.spotify.com/v1/audio-analysis/2Xqd0wUttjueBfdcltADOv,0.838,245387,0.7709999999999999,2Xqd0wUttjueBfdcltADOv,0.0,1,0.0853,-3.7910000000000004,1,0.244,175.957,4,https://api.spotify.com/v1/tracks/2Xqd0wUttjueBfdcltADOv,audio_features,spotify:track:2Xqd0wUttjueBfdcltADOv,0.405
63,64,Betrayed,Lil Xan,7561797,https://open.spotify.com/track/6NWl2m8asvH83xjuXVNsuG,13,0.41600000000000004,https://api.spotify.com/v1/audio-analysis/6NWl2m8asvH83xjuXVNsuG,0.823,187453,0.419,6NWl2m8asvH83xjuXVNsuG,0.0,10,0.105,-10.357999999999999,0,0.165,119.958,4,https://api.spotify.com/v1/tracks/6NWl2m8asvH83xjuXVNsuG,audio_features,spotify:track:6NWl2m8asvH83xjuXVNsuG,0.27699999999999997
64,65,Anywhere,Rita Ora,7549912,https://open.spotify.com/track/7EI6Iki24tBHAMxtb4xQN2,14,0.0364,https://api.spotify.com/v1/audio-analysis/7EI6Iki24tBHAMxtb4xQN2,0.628,215064,0.797,7EI6Iki24tBHAMxtb4xQN2,0.0,11,0.10400000000000001,-3.9530000000000003,0,0.0596,106.93,4,https://api.spotify.com/v1/tracks/7EI6Iki24tBHAMxtb4xQN2,audio_features,spotify:track:7EI6Iki24tBHAMxtb4xQN2,0.321
65,66,Machika,J Balvin,7270985,https://open.spotify.com/track/6MNGxu8MprKGkchUchkJsy,15,0.0501,https://api.spotify.com/v1/audio-analysis/4vKltMFviBKMdhYu3FDLY0,0.636,181733,0.8390000000000001,4vKltMFviBKMdhYu3FDLY0,0.0,4,0.159,-3.4,1,0.397,211.96200000000002,4,https://api.spotify.com/v1/tracks/4vKltMFviBKMdhYu3FDLY0,audio_features,spotify:track:4vKltMFviBKMdhYu3FDLY0,0.48700000000000004
66,67,Síguelo Bailando,Ozuna,7262436,https://open.spotify.com/track/5Y9fnynLlIvqtM710MHzfz,16,0.165,https://api.spotify.com/v1/audio-analysis/5Y9fnynLlIvqtM710MHzfz,0.855,226800,0.664,5Y9fnynLlIvqtM710MHzfz,3.97e-05,9,0.0937,-7.11,0,0.0607,98.015,4,https://api.spotify.com/v1/tracks/5Y9fnynLlIvqtM710MHzfz,audio_features,spotify:track:5Y9fnynLlIvqtM710MHzfz,0.626
67,68,Bartier Cardi (feat. 21 Savage),Cardi B,7244062,https://open.spotify.com/track/75FDPwaULRdYDn4StFN2rT,17,0.000704,https://api.spotify.com/v1/audio-analysis/75FDPwaULRdYDn4StFN2rT,0.909,224613,0.546,75FDPwaULRdYDn4StFN2rT,0.0008230000000000001,8,0.36,-7.513,1,0.175,138.043,4,https://api.spotify.com/v1/tracks/75FDPwaULRdYDn4StFN2rT,audio_features,spotify:track:75FDPwaULRdYDn4StFN2rT,0.0986
68,69,How Long,Charlie Puth,7080696,https://open.spotify.com/track/32DGGj6KlNuBr6WaqRxpxi,18,0.18899999999999997,https://api.spotify.com/v1/audio-analysis/32DGGj6KlNuBr6WaqRxpxi,0.8490000000000001,198237,0.581,32DGGj6KlNuBr6WaqRxpxi,3.61e-06,1,0.0805,-5.242999999999999,0,0.0767,110.008,4,https://api.spotify.com/v1/tracks/32DGGj6KlNuBr6WaqRxpxi,audio_features,spotify:track:32DGGj6KlNuBr6WaqRxpxi,0.779
69,70,You Owe Me,The Chainsmokers,7077874,https://open.spotify.com/track/1USJRpWDFhxwhCajPXBeel,19,0.237,https://api.spotify.com/v1/audio-analysis/1USJRpWDFhxwhCajPXBeel,0.679,190547,0.435,1USJRpWDFhxwhCajPXBeel,1.54e-06,6,0.11199999999999999,-8.238,0,0.0449,89.99600000000001,4,https://api.spotify.com/v1/tracks/1USJRpWDFhxwhCajPXBeel,audio_features,spotify:track:1USJRpWDFhxwhCajPXBeel,0.326
70,71,Candy Paint,Post Malone,6956257,https://open.spotify.com/track/42CeaId2XNlxugDvyqHfDf,20,0.633,https://api.spotify.com/v1/audio-analysis/42CeaId2XNlxugDvyqHfDf,0.765,229573,0.688,42CeaId2XNlxugDvyqHfDf,0.0,4,0.0734,-5.566,1,0.0841,90.01299999999999,4,https://api.spotify.com/v1/tracks/42CeaId2XNlxugDvyqHfDf,audio_features,spotify:track:42CeaId2XNlxugDvyqHfDf,0.434
71,72,Big Shot (with Travis Scott),Kendrick Lamar,6903157,https://open.spotify.com/track/5cXg9IQS34FzLVdHhp7hu7,21,0.00763,https://api.spotify.com/v1/audio-analysis/5cXg9IQS34FzLVdHhp7hu7,0.8540000000000001,221827,0.484,5cXg9IQS34FzLVdHhp7hu7,0.0,1,0.09699999999999999,-9.054,1,0.213,130.08700000000002,4,https://api.spotify.com/v1/tracks/5cXg9IQS34FzLVdHhp7hu7,audio_features,spotify:track:5cXg9IQS34FzLVdHhp7hu7,0.302
72,73,Bum Bum Tam Tam,MC Fioti,6898051,https://open.spotify.com/track/4zWO4gvuFtw6EJZC5FFGlr,22,0.34600000000000003,https://api.spotify.com/v1/audio-analysis/6k2900NjJeVqZM55G3Danu,0.8959999999999999,213989,0.675,6k2900NjJeVqZM55G3Danu,8.11e-06,1,0.262,-3.908,1,0.124,131.999,4,https://api.spotify.com/v1/tracks/6k2900NjJeVqZM55G3Danu,audio_features,spotify:track:6k2900NjJeVqZM55G3Danu,0.659
73,74,Believer,Imagine Dragons,6839256,https://open.spotify.com/track/1NtIMM4N0cFa1dNzN15chl,23,0.0512,https://api.spotify.com/v1/audio-analysis/1NtIMM4N0cFa1dNzN15chl,0.772,204347,0.78,1NtIMM4N0cFa1dNzN15chl,0.0,10,0.11900000000000001,-4.288,0,0.10800000000000001,124.988,4,https://api.spotify.com/v1/tracks/1NtIMM4N0cFa1dNzN15chl,audio_features,spotify:track:1NtIMM4N0cFa1dNzN15chl,0.7190000000000001
74,75,Solita,Ozuna,6811201,https://open.spotify.com/track/7rwX0O3RlxqqIjQM8evm5E,24,0.0564,https://api.spotify.com/v1/audio-analysis/7rwX0O3RlxqqIjQM8evm5E,0.807,311726,0.633,7rwX0O3RlxqqIjQM8evm5E,0.0,10,0.107,-6.016,0,0.0929,138.03799999999998,4,https://api.spotify.com/v1/tracks/7rwX0O3RlxqqIjQM8evm5E,audio_features,spotify:track:7rwX0O3RlxqqIjQM8evm5E,0.325
75,76,Unforgettable,French Montana,6805292,https://open.spotify.com/track/3B54sVLJ402zGa6Xm4YGNe,25,0.0293,https://api.spotify.com/v1/audio-analysis/3B54sVLJ402zGa6Xm4YGNe,0.726,233902,0.769,3B54sVLJ402zGa6Xm4YGNe,0.0101,6,0.10400000000000001,-5.043,1,0.12300000000000001,97.985,4,https://api.spotify.com/v1/tracks/3B54sVLJ402zGa6Xm4YGNe,audio_features,spotify:track:3B54sVLJ402zGa6Xm4YGNe,0.733
76,77,Me Rehúso,Danny Ocean,6777802,https://open.spotify.com/track/6De0lHrwBfPfrhorm9q1Xl,26,0.0231,https://api.spotify.com/v1/audio-analysis/6De0lHrwBfPfrhorm9q1Xl,0.7440000000000001,205715,0.804,6De0lHrwBfPfrhorm9q1Xl,0.0,1,0.0494,-6.327000000000001,1,0.0677,104.823,4,https://api.spotify.com/v1/tracks/6De0lHrwBfPfrhorm9q1Xl,audio_features,spotify:track:6De0lHrwBfPfrhorm9q1Xl,0.426
77,78,Se Preparó,Ozuna,6764678,https://open.spotify.com/track/1m69ELEgE6k5ZWsap40ozt,27,0.222,https://api.spotify.com/v1/audio-analysis/1m69ELEgE6k5ZWsap40ozt,0.7390000000000001,188080,0.821,1m69ELEgE6k5ZWsap40ozt,9.6e-06,1,0.311,-4.2330000000000005,1,0.0852,171.077,4,https://api.spotify.com/v1/tracks/1m69ELEgE6k5ZWsap40ozt,audio_features,spotify:track:1m69ELEgE6k5ZWsap40ozt,0.693
78,79,Dembow,Danny Ocean,6719957,https://open.spotify.com/track/2EzRdhuoPyNJDlep7lnNf2,28,0.0807,https://api.spotify.com/v1/audio-analysis/2EzRdhuoPyNJDlep7lnNf2,0.802,215083,0.7440000000000001,2EzRdhuoPyNJDlep7lnNf2,0.0,6,0.0917,-5.968,1,0.078,99.98299999999999,4,https://api.spotify.com/v1/tracks/2EzRdhuoPyNJDlep7lnNf2,audio_features,spotify:track:2EzRdhuoPyNJDlep7lnNf2,0.45
79,80,Sky Walker,Miguel,6657693,https://open.spotify.com/track/5WoaF1B5XIEnWfmb5NZikf,29,0.17300000000000001,https://api.spotify.com/v1/audio-analysis/5WoaF1B5XIEnWfmb5NZikf,0.674,259333,0.506,5WoaF1B5XIEnWfmb5NZikf,0.0,6,0.0866,-10.532,1,0.0434,145.965,4,https://api.spotify.com/v1/tracks/5WoaF1B5XIEnWfmb5NZikf,audio_features,spotify:track:5WoaF1B5XIEnWfmb5NZikf,0.183
80,81,Gucci Gang,Lil Pump,6611158,https://open.spotify.com/track/43ZyHQITOjhciSUUNPVRHc,30,0.239,https://api.spotify.com/v1/audio-analysis/43ZyHQITOjhciSUUNPVRHc,0.9359999999999999,124056,0.523,43ZyHQITOjhciSUUNPVRHc,0.0,5,0.11699999999999999,-6.71,1,0.0597,119.889,4,https://api.spotify.com/v1/tracks/43ZyHQITOjhciSUUNPVRHc,audio_features,spotify:track:43ZyHQITOjhciSUUNPVRHc,0.6990000000000001
81,82,Paramedic!,SOB X RBE,6602548,https://open.spotify.com/track/2tPcTFiQF9MbVUyjZ3zDhA,31,0.155,https://api.spotify.com/v1/audio-analysis/2tPcTFiQF9MbVUyjZ3zDhA,0.8590000000000001,219307,0.6509999999999999,2tPcTFiQF9MbVUyjZ3zDhA,0.0,1,0.14,-5.395,1,0.124,97.053,4,https://api.spotify.com/v1/tracks/2tPcTFiQF9MbVUyjZ3zDhA,audio_features,spotify:track:2tPcTFiQF9MbVUyjZ3zDhA,0.48700000000000004
82,83,Bank Account,21 Savage,6481844,https://open.spotify.com/track/2fQrGHiQOvpL9UgPvtYy6G,32,0.0151,https://api.spotify.com/v1/audio-analysis/2fQrGHiQOvpL9UgPvtYy6G,0.884,220307,0.34600000000000003,2fQrGHiQOvpL9UgPvtYy6G,7.04e-06,8,0.0871,-8.228,0,0.35100000000000003,75.016,4,https://api.spotify.com/v1/tracks/2fQrGHiQOvpL9UgPvtYy6G,audio_features,spotify:track:2fQrGHiQOvpL9UgPvtYy6G,0.376
83,84,Mi Gente,J Balvin,6439251,https://open.spotify.com/track/2rb5MvYT7ZIxbKW5hfcHx8,33,0.0164,https://api.spotify.com/v1/audio-analysis/4ipnJyDU3Lq15qBAYNqlqK,0.535,189440,0.6779999999999999,4ipnJyDU3Lq15qBAYNqlqK,1.31e-05,11,0.128,-4.906000000000001,0,0.0998,102.681,4,https://api.spotify.com/v1/tracks/4ipnJyDU3Lq15qBAYNqlqK,audio_features,spotify:track:4ipnJyDU3Lq15qBAYNqlqK,0.287
84,85,MotorSport,Migos,6428889,https://open.spotify.com/track/4wFjTWCunQFKtukqrNijEt,34,0.0338,https://api.spotify.com/v1/audio-analysis/4wFjTWCunQFKtukqrNijEt,0.8959999999999999,303077,0.515,4wFjTWCunQFKtukqrNijEt,0.0,2,0.317,-5.395,1,0.183,138.016,4,https://api.spotify.com/v1/tracks/4wFjTWCunQFKtukqrNijEt,audio_features,spotify:track:4wFjTWCunQFKtukqrNijEt,0.174
85,86,I Like Me Better,Lauv,6303564,https://open.spotify.com/track/1wjzFQodRWrPcQ0AnYnvQ9,35,0.535,https://api.spotify.com/v1/audio-analysis/1wjzFQodRWrPcQ0AnYnvQ9,0.752,197437,0.505,1wjzFQodRWrPcQ0AnYnvQ9,2.55e-06,9,0.10400000000000001,-7.621,1,0.253,91.97,4,https://api.spotify.com/v1/tracks/1wjzFQodRWrPcQ0AnYnvQ9,audio_features,spotify:track:1wjzFQodRWrPcQ0AnYnvQ9,0.419
86,87,Pick It Up (feat. A$AP Rocky),Famous Dex,6267158,https://open.spotify.com/track/3ncgNpxLoBQ65ABk4djDyd,36,0.0149,https://api.spotify.com/v1/audio-analysis/3ncgNpxLoBQ65ABk4djDyd,0.9209999999999999,191252,0.467,3ncgNpxLoBQ65ABk4djDyd,0.00023799999999999998,1,0.33399999999999996,-8.443,1,0.11900000000000001,135.995,4,https://api.spotify.com/v1/tracks/3ncgNpxLoBQ65ABk4djDyd,audio_features,spotify:track:3ncgNpxLoBQ65ABk4djDyd,0.287
87,88,She Loves Control,Camila Cabello,6262958,https://open.spotify.com/track/5HwnezK198pJCEj1l2Adjy,37,0.166,https://api.spotify.com/v1/audio-analysis/5HwnezK198pJCEj1l2Adjy,0.65,177160,0.758,5HwnezK198pJCEj1l2Adjy,0.0,2,0.0889,-4.02,1,0.11599999999999999,94.9,4,https://api.spotify.com/v1/tracks/5HwnezK198pJCEj1l2Adjy,audio_features,spotify:track:5HwnezK198pJCEj1l2Adjy,0.6629999999999999
88,89,Attention,Charlie Puth,6215484,https://open.spotify.com/track/4iLqG9SeJSnt0cSPICSjxv,38,0.0969,https://api.spotify.com/v1/audio-analysis/4iLqG9SeJSnt0cSPICSjxv,0.774,211475,0.626,4iLqG9SeJSnt0cSPICSjxv,3.12e-05,3,0.0848,-4.4319999999999995,0,0.0432,100.041,4,https://api.spotify.com/v1/tracks/4iLqG9SeJSnt0cSPICSjxv,audio_features,spotify:track:4iLqG9SeJSnt0cSPICSjxv,0.777
89,90,All Falls Down,Alan Walker,6189494,https://open.spotify.com/track/5yFSF6qQA1rcLsQRnBsZgb,39,0.303,https://api.spotify.com/v1/audio-analysis/5yFSF6qQA1rcLsQRnBsZgb,0.6579999999999999,199111,0.6779999999999999,5yFSF6qQA1rcLsQRnBsZgb,0.0,1,0.361,-4.407,1,0.057999999999999996,97.976,4,https://api.spotify.com/v1/tracks/5yFSF6qQA1rcLsQRnBsZgb,audio_features,spotify:track:5yFSF6qQA1rcLsQRnBsZgb,0.662
90,91,Something Just Like This,The Chainsmokers,6163210,https://open.spotify.com/track/6RUKPb4LETWmmr3iAEQktW,40,0.0498,https://api.spotify.com/v1/audio-analysis/6RUKPb4LETWmmr3iAEQktW,0.617,247160,0.635,6RUKPb4LETWmmr3iAEQktW,1.4400000000000001e-05,11,0.16399999999999998,-6.769,0,0.0317,103.01899999999999,4,https://api.spotify.com/v1/tracks/6RUKPb4LETWmmr3iAEQktW,audio_features,spotify:track:6RUKPb4LETWmmr3iAEQktW,0.446
91,92,1-800-273-8255,Logic,6151301,https://open.spotify.com/track/5tz69p7tJuGPeMGwNTxYuV,41,0.57,https://api.spotify.com/v1/audio-analysis/5tz69p7tJuGPeMGwNTxYuV,0.629,250173,0.5720000000000001,5tz69p7tJuGPeMGwNTxYuV,0.0,5,0.192,-7.733,0,0.0387,100.015,4,https://api.spotify.com/v1/tracks/5tz69p7tJuGPeMGwNTxYuV,audio_features,spotify:track:5tz69p7tJuGPeMGwNTxYuV,0.386
92,93,Say You Won't Let Go,James Arthur,6059767,https://open.spotify.com/track/5uCax9HTNlzGybIStD3vDh,42,0.695,https://api.spotify.com/v1/audio-analysis/5uCax9HTNlzGybIStD3vDh,0.358,211467,0.557,5uCax9HTNlzGybIStD3vDh,0.0,10,0.0902,-7.398,1,0.059000000000000004,85.04299999999999,4,https://api.spotify.com/v1/tracks/5uCax9HTNlzGybIStD3vDh,audio_features,spotify:track:5uCax9HTNlzGybIStD3vDh,0.494
93,94,Plain Jane,A$AP Ferg,6039875,https://open.spotify.com/track/4dVpf9jZjcORqGTLUaeYj9,43,0.0651,https://api.spotify.com/v1/audio-analysis/4dVpf9jZjcORqGTLUaeYj9,0.797,173600,0.8440000000000001,4dVpf9jZjcORqGTLUaeYj9,0.0,11,0.087,-5.482,1,0.275,170.142,4,https://api.spotify.com/v1/tracks/4dVpf9jZjcORqGTLUaeYj9,audio_features,spotify:track:4dVpf9jZjcORqGTLUaeYj9,0.52
94,95,Quiero Repetir,Ozuna,5962532,https://open.spotify.com/track/0MIcPSq9n2z5H8TAfEstri,44,0.10300000000000001,https://api.spotify.com/v1/audio-analysis/0MIcPSq9n2z5H8TAfEstri,0.608,200987,0.753,0MIcPSq9n2z5H8TAfEstri,0.0,0,0.0996,-4.748,0,0.368,97.626,4,https://api.spotify.com/v1/tracks/0MIcPSq9n2z5H8TAfEstri,audio_features,spotify:track:0MIcPSq9n2z5H8TAfEstri,0.48200000000000004
95,96,Mayores,Becky G,5955012,https://open.spotify.com/track/7JNh1cfm0eXjqFVOzKLyau,45,0.141,https://api.spotify.com/v1/audio-analysis/7JNh1cfm0eXjqFVOzKLyau,0.743,202453,0.855,7JNh1cfm0eXjqFVOzKLyau,0.0045,5,0.099,-3.9760000000000004,0,0.0436,96.98899999999999,4,https://api.spotify.com/v1/tracks/7JNh1cfm0eXjqFVOzKLyau,audio_features,spotify:track:7JNh1cfm0eXjqFVOzKLyau,0.871
96,97,Nowadays (feat. Landon Cube),Lil Skies,5945380,https://open.spotify.com/track/2u7mxWSeoqTXndK5e08jMp,46,0.157,https://api.spotify.com/v1/audio-analysis/689uBlyIufk2LUhAwjny4w,0.745,203908,0.6459999999999999,689uBlyIufk2LUhAwjny4w,0.0,6,0.33799999999999997,-6.987,0,0.17,79.993,4,https://api.spotify.com/v1/tracks/689uBlyIufk2LUhAwjny4w,audio_features,spotify:track:689uBlyIufk2LUhAwjny4w,0.46
97,98,Sorry Not Sorry,Demi Lovato,5939764,https://open.spotify.com/track/3m660poUr1chesgkkjQM7P,47,0.0223,https://api.spotify.com/v1/audio-analysis/3Du2K5dLzmduCNp6uwuaL0,0.7020000000000001,203760,0.635,3Du2K5dLzmduCNp6uwuaL0,0.0,11,0.28300000000000003,-6.917000000000001,0,0.265,144.004,4,https://api.spotify.com/v1/tracks/3Du2K5dLzmduCNp6uwuaL0,audio_features,spotify:track:3Du2K5dLzmduCNp6uwuaL0,0.873
98,99,Jocelyn Flores,XXXTENTACION,5922359,https://open.spotify.com/track/7m9OqQk4RVRkw9JJdeAw96,48,0.469,https://api.spotify.com/v1/audio-analysis/7m9OqQk4RVRkw9JJdeAw96,0.872,119133,0.391,7m9OqQk4RVRkw9JJdeAw96,4.13e-06,0,0.297,-9.144,0,0.242,134.02100000000002,4,https://api.spotify.com/v1/tracks/7m9OqQk4RVRkw9JJdeAw96,audio_features,spotify:track:7m9OqQk4RVRkw9JJdeAw96,0.43700000000000006
99,100,Naked,James Arthur,5805318,https://open.spotify.com/track/7krbSH3rd8lhIZvuzTV3Bl,49,0.10400000000000001,https://api.spotify.com/v1/audio-analysis/7krbSH3rd8lhIZvuzTV3Bl,0.529,234107,0.607,7krbSH3rd8lhIZvuzTV3Bl,0.0,6,0.0631,-6.781000000000001,1,0.0574,101.96600000000001,4,https://api.spotify.com/v1/tracks/7krbSH3rd8lhIZvuzTV3Bl,audio_features,spotify:track:7krbSH3rd8lhIZvuzTV3Bl,0.23800000000000002
100,101,Location,Khalid,5795699,https://open.spotify.com/track/152lZdxL1OR0ZMW6KquMif,0,0.33,https://api.spotify.com/v1/audio-analysis/152lZdxL1OR0ZMW6KquMif,0.736,219080,0.449,152lZdxL1OR0ZMW6KquMif,0.000162,1,0.0898,-11.462,0,0.425,80.126,4,https://api.spotify.com/v1/tracks/152lZdxL1OR0ZMW6KquMif,audio_features,spotify:track:152lZdxL1OR0ZMW6KquMif,0.326
101,102,Stargazing,Kygo,5791251,https://open.spotify.com/track/0Zbbxnx4SGGHoIow4PpISP,1,0.152,https://api.spotify.com/v1/audio-analysis/0Zbbxnx4SGGHoIow4PpISP,0.677,236853,0.49700000000000005,0Zbbxnx4SGGHoIow4PpISP,0.0,5,0.0911,-5.763,1,0.0809,99.137,4,https://api.spotify.com/v1/tracks/0Zbbxnx4SGGHoIow4PpISP,audio_features,spotify:track:0Zbbxnx4SGGHoIow4PpISP,0.419
102,103,Bodak Yellow,Cardi B,5691606,https://open.spotify.com/track/2771LMNxwf62FTAdpJMQfM,2,0.0672,https://api.spotify.com/v1/audio-analysis/2771LMNxwf62FTAdpJMQfM,0.929,223962,0.723,2771LMNxwf62FTAdpJMQfM,0.0,11,0.34600000000000003,-5.792000000000001,0,0.109,125.022,4,https://api.spotify.com/v1/tracks/2771LMNxwf62FTAdpJMQfM,audio_features,spotify:track:2771LMNxwf62FTAdpJMQfM,0.45799999999999996
103,104,More Than You Know,Axwell /\ Ingrosso,5636493,https://open.spotify.com/track/71bBFbfn2OBK5QwUJSLS44,3,0.0262,https://api.spotify.com/v1/audio-analysis/6h5PAsRni4IRlxWr6uDPTP,0.642,203000,0.728,6h5PAsRni4IRlxWr6uDPTP,0.0,5,0.295,-4.971,0,0.0349,123.068,4,https://api.spotify.com/v1/tracks/6h5PAsRni4IRlxWr6uDPTP,audio_features,spotify:track:6h5PAsRni4IRlxWr6uDPTP,0.493
104,105,Walk It Talk It,Migos,5606805,https://open.spotify.com/track/6n4U3TlzUGhdSFbUUhTvLP,4,0.0739,https://api.spotify.com/v1/audio-analysis/6n4U3TlzUGhdSFbUUhTvLP,0.909,276147,0.628,6n4U3TlzUGhdSFbUUhTvLP,0.0,2,0.10800000000000001,-5.456,1,0.201,145.905,4,https://api.spotify.com/v1/tracks/6n4U3TlzUGhdSFbUUhTvLP,audio_features,spotify:track:6n4U3TlzUGhdSFbUUhTvLP,0.406
105,106,Lonely Together (feat. Rita Ora),Avicii,5603365,https://open.spotify.com/track/2OALaHcDdKkjYEpAr0Qzab,5,0.17600000000000002,https://api.spotify.com/v1/audio-analysis/75NhhYjHO43mvZgYtnXgti,0.65,181812,0.6829999999999999,75NhhYjHO43mvZgYtnXgti,2.8199999999999998e-05,5,0.0832,-5.284,1,0.0704,102.96799999999999,4,https://api.spotify.com/v1/tracks/75NhhYjHO43mvZgYtnXgti,audio_features,spotify:track:75NhhYjHO43mvZgYtnXgti,0.228
106,107,Esperándote,Manuel Turizo,5504452,https://open.spotify.com/track/1nfyE13arjOuO54HH0zmqj,6,0.425,https://api.spotify.com/v1/audio-analysis/1nfyE13arjOuO54HH0zmqj,0.6970000000000001,199813,0.648,1nfyE13arjOuO54HH0zmqj,0.0,7,0.191,-7.122999999999999,1,0.128,186.125,4,https://api.spotify.com/v1/tracks/1nfyE13arjOuO54HH0zmqj,audio_features,spotify:track:1nfyE13arjOuO54HH0zmqj,0.313
107,108,Déjate Llevar,Juan Magán,5412555,https://open.spotify.com/track/3xWEI23MLJrD0dpDcDUTW6,7,0.0212,https://api.spotify.com/v1/audio-analysis/4hXAdUl4nAnSPc9thzP2E2,0.687,233072,0.718,4hXAdUl4nAnSPc9thzP2E2,0.0,7,0.685,-5.582999999999999,1,0.0721,92.059,4,https://api.spotify.com/v1/tracks/4hXAdUl4nAnSPc9thzP2E2,audio_features,spotify:track:4hXAdUl4nAnSPc9thzP2E2,0.5329999999999999
108,109,Breathe,Jax Jones,5408583,https://open.spotify.com/track/6tvQzeCPwOytDlBYCIOY0n,8,0.0259,https://api.spotify.com/v1/audio-analysis/0KsB4TwgATg88aXCMBoO3Y,0.741,207630,0.728,0KsB4TwgATg88aXCMBoO3Y,0.00025,11,0.14,-5.559,0,0.0408,125.984,4,https://api.spotify.com/v1/tracks/0KsB4TwgATg88aXCMBoO3Y,audio_features,spotify:track:0KsB4TwgATg88aXCMBoO3Y,0.703
109,110,goosebumps,Travis Scott,5378614,https://open.spotify.com/track/6gBFPUFcJLzWGx4lenP6h2,9,0.0847,https://api.spotify.com/v1/audio-analysis/6gBFPUFcJLzWGx4lenP6h2,0.841,243837,0.728,6gBFPUFcJLzWGx4lenP6h2,0.0,7,0.149,-3.37,1,0.0484,130.049,4,https://api.spotify.com/v1/tracks/6gBFPUFcJLzWGx4lenP6h2,audio_features,spotify:track:6gBFPUFcJLzWGx4lenP6h2,0.43
110,111,Black Panther,Kendrick Lamar,5374935,https://open.spotify.com/track/5qN4HFkapdAOV94XPryVof,10,0.62,https://api.spotify.com/v1/audio-analysis/5qN4HFkapdAOV94XPryVof,0.45899999999999996,130613,0.5870000000000001,5qN4HFkapdAOV94XPryVof,2.23e-06,1,0.268,-9.391,1,0.43200000000000005,90.796,4,https://api.spotify.com/v1/tracks/5qN4HFkapdAOV94XPryVof,audio_features,spotify:track:5qN4HFkapdAOV94XPryVof,0.441
111,112,New Freezer (feat. Kendrick Lamar),Rich The Kid,5351472,https://open.spotify.com/track/4pYZLpX23Vx8rwDpJCpPTA,11,0.0424,https://api.spotify.com/v1/audio-analysis/4pYZLpX23Vx8rwDpJCpPTA,0.888,193173,0.664,4pYZLpX23Vx8rwDpJCpPTA,0.0,0,0.0734,-10.13,1,0.341,140.012,4,https://api.spotify.com/v1/tracks/4pYZLpX23Vx8rwDpJCpPTA,audio_features,spotify:track:4pYZLpX23Vx8rwDpJCpPTA,0.53
112,113,Báilame - Remix,Nacho,5305404,https://open.spotify.com/track/3VClLWqNn80Llv0PJOsKgr,12,0.23800000000000002,https://api.spotify.com/v1/audio-analysis/4ocmZDCb43B5WRYMKZSxhM,0.652,217080,0.862,4ocmZDCb43B5WRYMKZSxhM,2.93e-06,6,0.0718,-4.234,1,0.102,191.885,4,https://api.spotify.com/v1/tracks/4ocmZDCb43B5WRYMKZSxhM,audio_features,spotify:track:4ocmZDCb43B5WRYMKZSxhM,0.715
113,114,SUTRA,Sebastian Yatra,5257629,https://open.spotify.com/track/5TmZYdHW6HJ9gt7Aokuql5,13,0.0507,https://api.spotify.com/v1/audio-analysis/6ELe1Do1bYtaCtLqjYTglW,0.747,203853,0.745,6ELe1Do1bYtaCtLqjYTglW,1.9e-06,9,0.151,-3.335,1,0.146,180.123,4,https://api.spotify.com/v1/tracks/6ELe1Do1bYtaCtLqjYTglW,audio_features,spotify:track:6ELe1Do1bYtaCtLqjYTglW,0.805
114,115,Miss You (with Major Lazer & Tory Lanez),Cashmere Cat,5221910,https://open.spotify.com/track/0as7lPxkBPctZ7uVmchRNM,14,0.22899999999999998,https://api.spotify.com/v1/audio-analysis/7HdZY9UJTylIiNcSDFyUDc,0.7509999999999999,186231,0.6579999999999999,7HdZY9UJTylIiNcSDFyUDc,0.0022199999999999998,1,0.0958,-4.578,1,0.0956,100.005,4,https://api.spotify.com/v1/tracks/7HdZY9UJTylIiNcSDFyUDc,audio_features,spotify:track:7HdZY9UJTylIiNcSDFyUDc,0.496
115,116,Me Niego,Reik,5202066,https://open.spotify.com/track/6jA8JUuPCGYjFcgw0AoM5T,15,0.0543,https://api.spotify.com/v1/audio-analysis/6jA8JUuPCGYjFcgw0AoM5T,0.777,221653,0.779,6jA8JUuPCGYjFcgw0AoM5T,0.0,0,0.636,-4.449,0,0.0972,94.023,4,https://api.spotify.com/v1/tracks/6jA8JUuPCGYjFcgw0AoM5T,audio_features,spotify:track:6jA8JUuPCGYjFcgw0AoM5T,0.768
116,117,Tell Me You Love Me,Demi Lovato,5188945,https://open.spotify.com/track/5Htb1uFQ1KrkFXlefS8oGj,16,0.0236,https://api.spotify.com/v1/audio-analysis/2dIPe4XdBLUsTZGqPIuKXb,0.519,236987,0.5920000000000001,2dIPe4XdBLUsTZGqPIuKXb,0.0,3,0.146,-5.45,0,0.0519,81.99600000000001,4,https://api.spotify.com/v1/tracks/2dIPe4XdBLUsTZGqPIuKXb,audio_features,spotify:track:2dIPe4XdBLUsTZGqPIuKXb,0.244
117,118,Opps (with Yugen Blakrok),Vince Staples,5186461,https://open.spotify.com/track/7bUcBztfGqO7cSI2gMZeCI,17,0.13699999999999998,https://api.spotify.com/v1/audio-analysis/7bUcBztfGqO7cSI2gMZeCI,0.7140000000000001,180893,0.775,7bUcBztfGqO7cSI2gMZeCI,3.2e-05,1,0.396,-6.811,1,0.327,128.078,4,https://api.spotify.com/v1/tracks/7bUcBztfGqO7cSI2gMZeCI,audio_features,spotify:track:7bUcBztfGqO7cSI2gMZeCI,0.84
118,119,The Greatest Show,Hugh Jackman,5178973,https://open.spotify.com/track/43ay9lQZ5rfNcOOHhRF2cM,18,0.000239,https://api.spotify.com/v1/audio-analysis/4ylWMuGbMXNDgDd8lErEle,0.41700000000000004,302147,0.8240000000000001,4ylWMuGbMXNDgDd8lErEle,0.0545,11,0.0725,-7.36,0,0.105,157.92,4,https://api.spotify.com/v1/tracks/4ylWMuGbMXNDgDd8lErEle,audio_features,spotify:track:4ylWMuGbMXNDgDd8lErEle,0.4
119,120,Que Va,Alex Sensation,5165145,https://open.spotify.com/track/7ofxPmTNMj2GP07g1VZa0O,19,0.134,https://api.spotify.com/v1/audio-analysis/6J1R5wtPXiHiwiPstOSI56,0.774,238160,0.828,6J1R5wtPXiHiwiPstOSI56,0.0,0,0.0601,-3.412,1,0.0502,90.993,4,https://api.spotify.com/v1/tracks/6J1R5wtPXiHiwiPstOSI56,audio_features,spotify:track:6J1R5wtPXiHiwiPstOSI56,0.841
120,121,One Dance,Drake,5060632,https://open.spotify.com/track/1xznGGDReH1oQq0xzbwXa3,20,0.00842,https://api.spotify.com/v1/audio-analysis/1zi7xx7UVEFkmKfv06H8x0,0.7959999999999999,173987,0.61,1zi7xx7UVEFkmKfv06H8x0,0.00286,1,0.35100000000000003,-5.857,1,0.0516,103.99,4,https://api.spotify.com/v1/tracks/1zi7xx7UVEFkmKfv06H8x0,audio_features,spotify:track:1zi7xx7UVEFkmKfv06H8x0,0.391
121,122,Symphony (feat. Zara Larsson),Clean Bandit,5057351,https://open.spotify.com/track/1x5sYLZiu9r5E43kMlt9f8,21,0.259,https://api.spotify.com/v1/audio-analysis/1x5sYLZiu9r5E43kMlt9f8,0.7070000000000001,212459,0.629,1x5sYLZiu9r5E43kMlt9f8,1.6e-05,0,0.138,-4.581,0,0.0563,122.863,4,https://api.spotify.com/v1/tracks/1x5sYLZiu9r5E43kMlt9f8,audio_features,spotify:track:1x5sYLZiu9r5E43kMlt9f8,0.457
122,123,Suena El Dembow,Joey Montana,4995823,https://open.spotify.com/track/5TysCiZtv1HnSWcTcUFusI,22,0.162,https://api.spotify.com/v1/audio-analysis/0woHVOh3KXLSDv8VU9XwZ4,0.703,195813,0.8540000000000001,0woHVOh3KXLSDv8VU9XwZ4,0.0,0,0.121,-4.462,1,0.0584,91.906,4,https://api.spotify.com/v1/tracks/0woHVOh3KXLSDv8VU9XwZ4,audio_features,spotify:track:0woHVOh3KXLSDv8VU9XwZ4,0.6890000000000001
123,124,My My My!,Troye Sivan,4965757,https://open.spotify.com/track/2Tq2R8sRftNEqdgJK5HadO,23,0.0043,https://api.spotify.com/v1/audio-analysis/71T7xF5wLbDRg76jxAwDqA,0.6970000000000001,204727,0.47200000000000003,71T7xF5wLbDRg76jxAwDqA,9.67e-05,1,0.044000000000000004,-7.849,1,0.0779,102.98299999999999,4,https://api.spotify.com/v1/tracks/71T7xF5wLbDRg76jxAwDqA,audio_features,spotify:track:71T7xF5wLbDRg76jxAwDqA,0.49
124,125,Closer,The Chainsmokers,4950504,https://open.spotify.com/track/7BKLCZ1jbUBVqRi2FVlTVw,24,0.414,https://api.spotify.com/v1/audio-analysis/7BKLCZ1jbUBVqRi2FVlTVw,0.748,244960,0.524,7BKLCZ1jbUBVqRi2FVlTVw,0.0,8,0.111,-5.599,1,0.0338,95.01,4,https://api.spotify.com/v1/tracks/7BKLCZ1jbUBVqRi2FVlTVw,audio_features,spotify:track:7BKLCZ1jbUBVqRi2FVlTVw,0.6609999999999999
125,126,Whatever It Takes,Imagine Dragons,4947491,https://open.spotify.com/track/73NbHgUZ51H65Bfo2HFKUi,25,0.0392,https://api.spotify.com/v1/audio-analysis/73NbHgUZ51H65Bfo2HFKUi,0.675,201240,0.662,73NbHgUZ51H65Bfo2HFKUi,0.0,1,0.128,-4.989,1,0.0318,134.936,4,https://api.spotify.com/v1/tracks/73NbHgUZ51H65Bfo2HFKUi,audio_features,spotify:track:73NbHgUZ51H65Bfo2HFKUi,0.536
126,127,Despacito - Remix,Luis Fonsi,4929980,https://open.spotify.com/track/5CtI0qwDJkDQGwXD1H1cLb,26,0.222,https://api.spotify.com/v1/audio-analysis/6rPO02ozF3bM7NnOV4h6s2,0.63,228827,0.815,6rPO02ozF3bM7NnOV4h6s2,0.0,2,0.091,-4.265,1,0.152,88.35700000000001,4,https://api.spotify.com/v1/tracks/6rPO02ozF3bM7NnOV4h6s2,audio_features,spotify:track:6rPO02ozF3bM7NnOV4h6s2,0.813
127,128,Thinking Out Loud,Ed Sheeran,4925081,https://open.spotify.com/track/1Slwb6dOYkBlWal1PGtnNg,27,0.474,https://api.spotify.com/v1/audio-analysis/34gCuhDGsG4bRPIf9bb02f,0.7809999999999999,281560,0.445,34gCuhDGsG4bRPIf9bb02f,0.0,2,0.184,-6.061,1,0.0295,78.998,4,https://api.spotify.com/v1/tracks/34gCuhDGsG4bRPIf9bb02f,audio_features,spotify:track:34gCuhDGsG4bRPIf9bb02f,0.591
128,129,Vuelve,Daddy Yankee,4920153,https://open.spotify.com/track/0lJCqIx5BhZtf6QtYI2fbv,28,0.17,https://api.spotify.com/v1/audio-analysis/0gCPvo1GkbtPhMqg5Gbx1K,0.728,279613,0.541,0gCPvo1GkbtPhMqg5Gbx1K,0.0,1,0.11800000000000001,-5.664,1,0.0318,130.025,4,https://api.spotify.com/v1/tracks/0gCPvo1GkbtPhMqg5Gbx1K,audio_features,spotify:track:0gCPvo1GkbtPhMqg5Gbx1K,0.20600000000000002
129,130,Strip That Down,Liam Payne,4908186,https://open.spotify.com/track/6EpRaXYhGOB3fj4V2uDkMJ,29,0.221,https://api.spotify.com/v1/audio-analysis/4Ro98RCK90oHqqSZUnTFq5,0.87,204502,0.488,4Ro98RCK90oHqqSZUnTFq5,0.0,6,0.0767,-5.586,1,0.0537,106.008,4,https://api.spotify.com/v1/tracks/4Ro98RCK90oHqqSZUnTFq5,audio_features,spotify:track:4Ro98RCK90oHqqSZUnTFq5,0.519
130,131,That's What I Like,Bruno Mars,4907416,https://open.spotify.com/track/0KKkJNfGyhkQ5aFogxQAPU,30,0.013000000000000001,https://api.spotify.com/v1/audio-analysis/0KKkJNfGyhkQ5aFogxQAPU,0.853,206693,0.56,0KKkJNfGyhkQ5aFogxQAPU,0.0,1,0.0944,-4.961,1,0.0406,134.066,4,https://api.spotify.com/v1/tracks/0KKkJNfGyhkQ5aFogxQAPU,audio_features,spotify:track:0KKkJNfGyhkQ5aFogxQAPU,0.86
131,132,Photograph,Ed Sheeran,4900951,https://open.spotify.com/track/6fxVffaTuwjgEk5h9QyRjy,31,0.607,https://api.spotify.com/v1/audio-analysis/1HNkqx9Ahdgi1Ixy2xkKkL,0.614,258987,0.379,1HNkqx9Ahdgi1Ixy2xkKkL,0.00046399999999999995,4,0.0986,-10.48,1,0.0476,107.98899999999999,4,https://api.spotify.com/v1/tracks/1HNkqx9Ahdgi1Ixy2xkKkL,audio_features,spotify:track:1HNkqx9Ahdgi1Ixy2xkKkL,0.201
132,133,Butterfly Effect,Travis Scott,4876469,https://open.spotify.com/track/1yxgsra98r3qAtxqiGZPiX,32,0.0714,https://api.spotify.com/v1/audio-analysis/1yxgsra98r3qAtxqiGZPiX,0.763,190678,0.598,1yxgsra98r3qAtxqiGZPiX,0.0,11,0.11199999999999999,-6.865,1,0.0539,140.987,4,https://api.spotify.com/v1/tracks/1yxgsra98r3qAtxqiGZPiX,audio_features,spotify:track:1yxgsra98r3qAtxqiGZPiX,0.182
133,134,Codeine Dreaming (feat. Lil Wayne),Kodak Black,4863923,https://open.spotify.com/track/4DTpngLjoHj5gFxEZFeD3J,33,0.0652,https://api.spotify.com/v1/audio-analysis/4DTpngLjoHj5gFxEZFeD3J,0.736,264532,0.604,4DTpngLjoHj5gFxEZFeD3J,6.43e-05,1,0.124,-7.357,0,0.222,155.007,4,https://api.spotify.com/v1/tracks/4DTpngLjoHj5gFxEZFeD3J,audio_features,spotify:track:4DTpngLjoHj5gFxEZFeD3J,0.574
134,135,Robarte un Beso,Carlos Vives,4827127,https://open.spotify.com/track/0JcNysfWVWaMS7R6vzGB2k,34,0.0826,https://api.spotify.com/v1/audio-analysis/0JcNysfWVWaMS7R6vzGB2k,0.742,194742,0.858,0JcNysfWVWaMS7R6vzGB2k,0.0,10,0.364,-4.946000000000001,1,0.0483,95.04899999999999,4,https://api.spotify.com/v1/tracks/0JcNysfWVWaMS7R6vzGB2k,audio_features,spotify:track:0JcNysfWVWaMS7R6vzGB2k,0.64
135,136,There's Nothing Holdin' Me Back,Shawn Mendes,4809882,https://open.spotify.com/track/79cuOz3SPQTuFrp8WgftAu,35,0.35700000000000004,https://api.spotify.com/v1/audio-analysis/7JJmb5XwzOO8jgpou264Ml,0.858,199440,0.799,7JJmb5XwzOO8jgpou264Ml,0.0,2,0.091,-4.034,1,0.0589,121.991,4,https://api.spotify.com/v1/tracks/7JJmb5XwzOO8jgpou264Ml,audio_features,spotify:track:7JJmb5XwzOO8jgpou264Ml,0.966
136,137,Escápate Conmigo,Wisin,4771550,https://open.spotify.com/track/1KSqYYJFyfTecXFk9M0prc,36,0.0256,https://api.spotify.com/v1/audio-analysis/1KSqYYJFyfTecXFk9M0prc,0.7440000000000001,232787,0.8590000000000001,1KSqYYJFyfTecXFk9M0prc,6.27e-05,11,0.0881,-3.1660000000000004,1,0.0795,91.977,4,https://api.spotify.com/v1/tracks/1KSqYYJFyfTecXFk9M0prc,audio_features,spotify:track:1KSqYYJFyfTecXFk9M0prc,0.787
137,138,Bounce Out With That,YBN Nahmir,4751511,https://open.spotify.com/track/5lZsh9Qf7CbHI9Fcc7Zcsq,37,0.037000000000000005,https://api.spotify.com/v1/audio-analysis/5lZsh9Qf7CbHI9Fcc7Zcsq,0.865,97202,0.652,5lZsh9Qf7CbHI9Fcc7Zcsq,0.0,8,0.0925,-8.218,1,0.105,94.946,4,https://api.spotify.com/v1/tracks/5lZsh9Qf7CbHI9Fcc7Zcsq,audio_features,spotify:track:5lZsh9Qf7CbHI9Fcc7Zcsq,0.37200000000000005
138,139,A Million Dreams,Ziv Zaifman,4746578,https://open.spotify.com/track/0RoA7ObU6phWpqhlC9zH4Z,38,0.243,https://api.spotify.com/v1/audio-analysis/0RoA7ObU6phWpqhlC9zH4Z,0.265,269453,0.312,0RoA7ObU6phWpqhlC9zH4Z,0.0,7,0.0893,-11.689,1,0.0569,54.747,3,https://api.spotify.com/v1/tracks/0RoA7ObU6phWpqhlC9zH4Z,audio_features,spotify:track:0RoA7ObU6phWpqhlC9zH4Z,0.0998
139,140,Bella y Sensual,Romeo Santos,4715951,https://open.spotify.com/track/0ERbK7qVqveCaBWIiYCrl3,39,0.228,https://api.spotify.com/v1/audio-analysis/0ERbK7qVqveCaBWIiYCrl3,0.635,204701,0.713,0ERbK7qVqveCaBWIiYCrl3,0.0,11,0.0506,-6.909,1,0.0937,179.864,4,https://api.spotify.com/v1/tracks/0ERbK7qVqveCaBWIiYCrl3,audio_features,spotify:track:0ERbK7qVqveCaBWIiYCrl3,0.7490000000000001
140,141,Never Enough,Loren Allred,4687156,https://open.spotify.com/track/0Gl5s8IhMmQE5YQwM8Qx1J,40,0.423,https://api.spotify.com/v1/audio-analysis/0Gl5s8IhMmQE5YQwM8Qx1J,0.27699999999999997,207787,0.39399999999999996,0Gl5s8IhMmQE5YQwM8Qx1J,0.0,8,0.0952,-8.902999999999999,1,0.0336,86.777,3,https://api.spotify.com/v1/tracks/0Gl5s8IhMmQE5YQwM8Qx1J,audio_features,spotify:track:0Gl5s8IhMmQE5YQwM8Qx1J,0.22699999999999998
141,142,Felices los 4,Maluma,4686672,https://open.spotify.com/track/0qYTZCo5Bwh1nsUFGZP3zn,41,0.231,https://api.spotify.com/v1/audio-analysis/0qYTZCo5Bwh1nsUFGZP3zn,0.755,229849,0.789,0qYTZCo5Bwh1nsUFGZP3zn,0.0,5,0.35100000000000003,-4.502,1,0.146,93.973,4,https://api.spotify.com/v1/tracks/0qYTZCo5Bwh1nsUFGZP3zn,audio_features,spotify:track:0qYTZCo5Bwh1nsUFGZP3zn,0.737
142,143,I Am,Jorja Smith,4682965,https://open.spotify.com/track/0DJBgBiYeSn6n1AXAkFVE8,42,0.125,https://api.spotify.com/v1/audio-analysis/0DJBgBiYeSn6n1AXAkFVE8,0.542,208760,0.581,0DJBgBiYeSn6n1AXAkFVE8,8.01e-05,8,0.185,-5.752999999999999,0,0.271,73.792,4,https://api.spotify.com/v1/tracks/0DJBgBiYeSn6n1AXAkFVE8,audio_features,spotify:track:0DJBgBiYeSn6n1AXAkFVE8,0.298
143,144,Perro Fiel,Shakira,4615662,https://open.spotify.com/track/70lnL3QaSOIIyMa2X9aVRL,43,0.187,https://api.spotify.com/v1/audio-analysis/70lnL3QaSOIIyMa2X9aVRL,0.75,195213,0.76,70lnL3QaSOIIyMa2X9aVRL,0.0,1,0.0548,-4.836,1,0.198,183.817,4,https://api.spotify.com/v1/tracks/70lnL3QaSOIIyMa2X9aVRL,audio_features,spotify:track:70lnL3QaSOIIyMa2X9aVRL,0.893
144,145,"I Don’t Wanna Live Forever (Fifty Shades Darker) - From ""Fifty Shades Darker (Original Motion Picture Soundtrack)""",ZAYN,4522444,https://open.spotify.com/track/3NdDpSvN911VPGivFlV5d0,44,0.0578,https://api.spotify.com/v1/audio-analysis/2y5aJvzXhHPA94U5GFAcXe,0.737,245653,0.452,2y5aJvzXhHPA94U5GFAcXe,1.4800000000000002e-05,0,0.187,-8.366,1,0.0534,117.962,4,https://api.spotify.com/v1/tracks/2y5aJvzXhHPA94U5GFAcXe,audio_features,spotify:track:2y5aJvzXhHPA94U5GFAcXe,0.096
145,146,Havana - Remix,Camila Cabello,4517413,https://open.spotify.com/track/3whrwq4DtvucphBPUogRuJ,45,0.39799999999999996,https://api.spotify.com/v1/audio-analysis/3whrwq4DtvucphBPUogRuJ,0.7509999999999999,199095,0.579,3whrwq4DtvucphBPUogRuJ,2.2800000000000002e-05,2,0.133,-4.0360000000000005,1,0.0321,105.031,4,https://api.spotify.com/v1/tracks/3whrwq4DtvucphBPUogRuJ,audio_features,spotify:track:3whrwq4DtvucphBPUogRuJ,0.349
146,147,Passionfruit,Drake,4498545,https://open.spotify.com/track/5mCPDVBb16L4XQwDdbRUpz,46,0.304,https://api.spotify.com/v1/audio-analysis/5mCPDVBb16L4XQwDdbRUpz,0.804,298941,0.45899999999999996,5mCPDVBb16L4XQwDdbRUpz,0.0862,11,0.11,-11.556,1,0.039,111.963,4,https://api.spotify.com/v1/tracks/5mCPDVBb16L4XQwDdbRUpz,audio_features,spotify:track:5mCPDVBb16L4XQwDdbRUpz,0.37200000000000005
147,148,Issues,Julia Michaels,4467805,https://open.spotify.com/track/7vu0JkJh0ldukEYbTVcqd0,47,0.42700000000000005,https://api.spotify.com/v1/audio-analysis/7vu0JkJh0ldukEYbTVcqd0,0.725,176320,0.42,7vu0JkJh0ldukEYbTVcqd0,0.0,8,0.061,-6.811,1,0.0811,113.975,4,https://api.spotify.com/v1/tracks/7vu0JkJh0ldukEYbTVcqd0,audio_features,spotify:track:7vu0JkJh0ldukEYbTVcqd0,0.424
148,149,Go Flex,Post Malone,4447647,https://open.spotify.com/track/5yuShbu70mtHXY0yLzCQLQ,48,0.248,https://api.spotify.com/v1/audio-analysis/5yuShbu70mtHXY0yLzCQLQ,0.662,179613,0.496,5yuShbu70mtHXY0yLzCQLQ,0.0,5,0.0769,-8.267000000000001,1,0.109,81.95100000000001,4,https://api.spotify.com/v1/tracks/5yuShbu70mtHXY0yLzCQLQ,audio_features,spotify:track:5yuShbu70mtHXY0yLzCQLQ,0.133
149,150,Fuck Love (feat. Trippie Redd),XXXTENTACION,4442908,https://open.spotify.com/track/7AQim7LbvFVZJE3O8TYgf2,49,0.0172,https://api.spotify.com/v1/audio-analysis/7AQim7LbvFVZJE3O8TYgf2,0.797,146520,0.5329999999999999,7AQim7LbvFVZJE3O8TYgf2,0.000152,0,0.10300000000000001,-9.74,0,0.0412,131.036,4,https://api.spotify.com/v1/tracks/7AQim7LbvFVZJE3O8TYgf2,audio_features,spotify:track:7AQim7LbvFVZJE3O8TYgf2,0.32899999999999996
150,151,I Get The Bag (feat. Migos),Gucci Mane,4438278,https://open.spotify.com/track/1XRgIKC5TPwo7nWGyKqgG0,0,0.0232,https://api.spotify.com/v1/audio-analysis/1XRgIKC5TPwo7nWGyKqgG0,0.89,233087,0.633,1XRgIKC5TPwo7nWGyKqgG0,0.000343,11,0.0993,-5.475,1,0.168,139.94799999999998,4,https://api.spotify.com/v1/tracks/1XRgIKC5TPwo7nWGyKqgG0,audio_features,spotify:track:1XRgIKC5TPwo7nWGyKqgG0,0.425
151,152,Galway Girl,Ed Sheeran,4391206,https://open.spotify.com/track/0afhq8XCExXpqazXczTSve,1,0.0735,https://api.spotify.com/v1/audio-analysis/0afhq8XCExXpqazXczTSve,0.624,170827,0.8759999999999999,0afhq8XCExXpqazXczTSve,0.0,9,0.327,-3.3739999999999997,1,0.1,99.943,4,https://api.spotify.com/v1/tracks/0afhq8XCExXpqazXczTSve,audio_features,spotify:track:0afhq8XCExXpqazXczTSve,0.7809999999999999
152,153,Friends (with BloodPop®),Justin Bieber,4345260,https://open.spotify.com/track/7nZmah2llfvLDiUjm0kiyz,2,0.00398,https://api.spotify.com/v1/audio-analysis/7iNIg7XDEaYECfWD5dJ9Va,0.7440000000000001,189467,0.752,7iNIg7XDEaYECfWD5dJ9Va,0.0,8,0.307,-5.316,1,0.0368,104.99,4,https://api.spotify.com/v1/tracks/7iNIg7XDEaYECfWD5dJ9Va,audio_features,spotify:track:7iNIg7XDEaYECfWD5dJ9Va,0.65
153,154,I'm the One,DJ Khaled,4344873,https://open.spotify.com/track/3DXncPQOG4VBw3QHh3S817,3,0.0533,https://api.spotify.com/v1/audio-analysis/1jYiIOC5d6soxkJP81fxq2,0.599,288877,0.667,1jYiIOC5d6soxkJP81fxq2,0.0,7,0.134,-4.2669999999999995,1,0.0367,80.984,4,https://api.spotify.com/v1/tracks/1jYiIOC5d6soxkJP81fxq2,audio_features,spotify:track:1jYiIOC5d6soxkJP81fxq2,0.8170000000000001
154,155,Mama,Jonas Blue,4323979,https://open.spotify.com/track/0NiXXAI876aGImAd6rTj8w,4,0.11,https://api.spotify.com/v1/audio-analysis/0NiXXAI876aGImAd6rTj8w,0.746,181615,0.7929999999999999,0NiXXAI876aGImAd6rTj8w,0.0,11,0.0528,-4.209,0,0.0412,104.027,4,https://api.spotify.com/v1/tracks/0NiXXAI876aGImAd6rTj8w,audio_features,spotify:track:0NiXXAI876aGImAd6rTj8w,0.557
155,156,Wanted You (feat. Lil Uzi Vert),NAV,4278455,https://open.spotify.com/track/790MhTXPFrYkrqCKvpg4t1,5,0.168,https://api.spotify.com/v1/audio-analysis/790MhTXPFrYkrqCKvpg4t1,0.7929999999999999,228080,0.718,790MhTXPFrYkrqCKvpg4t1,0.0,9,0.24100000000000002,-4.966,0,0.0547,146.885,4,https://api.spotify.com/v1/tracks/790MhTXPFrYkrqCKvpg4t1,audio_features,spotify:track:790MhTXPFrYkrqCKvpg4t1,0.649
156,157,DNA.,Kendrick Lamar,4271384,https://open.spotify.com/track/6HZILIRieu8S0iqY8kIKhj,6,0.0047,https://api.spotify.com/v1/audio-analysis/6HZILIRieu8S0iqY8kIKhj,0.637,185947,0.514,6HZILIRieu8S0iqY8kIKhj,0.0,1,0.094,-6.763,1,0.365,139.931,4,https://api.spotify.com/v1/tracks/6HZILIRieu8S0iqY8kIKhj,audio_features,spotify:track:6HZILIRieu8S0iqY8kIKhj,0.402
157,158,Notice Me,Migos,4246920,https://open.spotify.com/track/3OnOomd79OjqSYHchCQ6ht,7,0.10400000000000001,https://api.spotify.com/v1/audio-analysis/3OnOomd79OjqSYHchCQ6ht,0.7959999999999999,233880,0.33799999999999997,3OnOomd79OjqSYHchCQ6ht,1.12e-06,5,0.165,-9.754,0,0.315,166.0,4,https://api.spotify.com/v1/tracks/3OnOomd79OjqSYHchCQ6ht,audio_features,spotify:track:3OnOomd79OjqSYHchCQ6ht,0.474
158,159,Dreamer,Axwell /\ Ingrosso,4246916,https://open.spotify.com/track/7hvxMYq9JW5W0vFwiu1Zdr,8,0.0292,https://api.spotify.com/v1/audio-analysis/0RTzJVkunbGwuRjXDFHnjf,0.616,251147,0.84,0RTzJVkunbGwuRjXDFHnjf,0.0,7,0.264,-5.375,0,0.0352,125.999,4,https://api.spotify.com/v1/tracks/0RTzJVkunbGwuRjXDFHnjf,audio_features,spotify:track:0RTzJVkunbGwuRjXDFHnjf,0.57
159,160,The Weekend - Funk Wav Remix,SZA,4222747,https://open.spotify.com/track/0P6AWOA4LG1XOctzaVu5tt,9,0.495,https://api.spotify.com/v1/audio-analysis/0P6AWOA4LG1XOctzaVu5tt,0.775,171806,0.573,0P6AWOA4LG1XOctzaVu5tt,0.0,11,0.126,-4.933,1,0.0585,101.925,4,https://api.spotify.com/v1/tracks/0P6AWOA4LG1XOctzaVu5tt,audio_features,spotify:track:0P6AWOA4LG1XOctzaVu5tt,0.667
160,161,Roll In Peace (feat. XXXTENTACION),Kodak Black,4203061,https://open.spotify.com/track/40oKW22ZNNkEdZLJTScaQI,10,0.0306,https://api.spotify.com/v1/audio-analysis/40oKW22ZNNkEdZLJTScaQI,0.747,213132,0.524,40oKW22ZNNkEdZLJTScaQI,0.0,10,0.2,-6.807,0,0.245,140.053,4,https://api.spotify.com/v1/tracks/40oKW22ZNNkEdZLJTScaQI,audio_features,spotify:track:40oKW22ZNNkEdZLJTScaQI,0.363
161,162,Lose Yourself - Soundtrack Version,Eminem,4202700,https://open.spotify.com/track/7w9bgPAmPTtrkt2v16QWvQ,11,0.00704,https://api.spotify.com/v1/audio-analysis/5Z01UMMf7V1o0MzF86s6WJ,0.698,326467,0.732,5Z01UMMf7V1o0MzF86s6WJ,0.000647,2,0.359,-4.522,1,0.266,171.43099999999998,4,https://api.spotify.com/v1/tracks/5Z01UMMf7V1o0MzF86s6WJ,audio_features,spotify:track:5Z01UMMf7V1o0MzF86s6WJ,0.0689
162,163,Redbone,Childish Gambino,4186838,https://open.spotify.com/track/3kxfsdsCpFgN412fpnW85Y,12,0.19899999999999998,https://api.spotify.com/v1/audio-analysis/3kxfsdsCpFgN412fpnW85Y,0.743,326933,0.359,3kxfsdsCpFgN412fpnW85Y,0.00611,1,0.13699999999999998,-10.401,1,0.0794,160.083,4,https://api.spotify.com/v1/tracks/3kxfsdsCpFgN412fpnW85Y,audio_features,spotify:track:3kxfsdsCpFgN412fpnW85Y,0.5870000000000001
163,164,Wild Thoughts,DJ Khaled,4173757,https://open.spotify.com/track/1OAh8uOEOvTDqkKFsKksCi,13,0.0287,https://api.spotify.com/v1/audio-analysis/45XhKYRRkyeqoW3teSOkCM,0.613,204664,0.6809999999999999,45XhKYRRkyeqoW3teSOkCM,0.0,8,0.126,-3.089,1,0.0778,97.62100000000001,4,https://api.spotify.com/v1/tracks/45XhKYRRkyeqoW3teSOkCM,audio_features,spotify:track:45XhKYRRkyeqoW3teSOkCM,0.619
164,165,End Game,Taylor Swift,4168557,https://open.spotify.com/track/2x0WlnmfG39ZuDmstl9xfX,14,0.00806,https://api.spotify.com/v1/audio-analysis/2x0WlnmfG39ZuDmstl9xfX,0.45299999999999996,244827,0.6,2x0WlnmfG39ZuDmstl9xfX,0.0,2,0.111,-6.2170000000000005,1,0.15,159.088,4,https://api.spotify.com/v1/tracks/2x0WlnmfG39ZuDmstl9xfX,audio_features,spotify:track:2x0WlnmfG39ZuDmstl9xfX,0.154
165,166,The Other Side,Hugh Jackman,4166251,https://open.spotify.com/track/2cKovq3l6OJjhVVDbVKOsr,15,0.00433,https://api.spotify.com/v1/audio-analysis/2cKovq3l6OJjhVVDbVKOsr,0.638,214373,0.795,2cKovq3l6OJjhVVDbVKOsr,0.00139,0,0.153,-8.45,1,0.302,153.99,4,https://api.spotify.com/v1/tracks/2cKovq3l6OJjhVVDbVKOsr,audio_features,spotify:track:2cKovq3l6OJjhVVDbVKOsr,0.31
166,167,Starboy,The Weeknd,4160599,https://open.spotify.com/track/5aAx2yezTd8zXrkmtKl66Z,16,0.168,https://api.spotify.com/v1/audio-analysis/7MXVkk9YMctZqd1Srtv4MB,0.675,230453,0.595,7MXVkk9YMctZqd1Srtv4MB,3.36e-06,7,0.136,-7.0329999999999995,1,0.284,185.998,4,https://api.spotify.com/v1/tracks/7MXVkk9YMctZqd1Srtv4MB,audio_features,spotify:track:7MXVkk9YMctZqd1Srtv4MB,0.491
167,168,Mask Off,Future,4145208,https://open.spotify.com/track/0VgkVdmE4gld66l8iyGjgx,17,0.0102,https://api.spotify.com/v1/audio-analysis/0VgkVdmE4gld66l8iyGjgx,0.833,204600,0.434,0VgkVdmE4gld66l8iyGjgx,0.0219,2,0.165,-8.795,1,0.431,150.062,4,https://api.spotify.com/v1/tracks/0VgkVdmE4gld66l8iyGjgx,audio_features,spotify:track:0VgkVdmE4gld66l8iyGjgx,0.281
168,169,Vai malandra (feat. Tropkillaz & DJ Yuri Martins),Anitta,4133127,https://open.spotify.com/track/6u0EAxf1OJTLS7CvInuNd7,18,0.0227,https://api.spotify.com/v1/audio-analysis/6u0EAxf1OJTLS7CvInuNd7,0.8759999999999999,201532,0.55,6u0EAxf1OJTLS7CvInuNd7,4.52e-05,2,0.294,-5.4639999999999995,1,0.152,129.924,4,https://api.spotify.com/v1/tracks/6u0EAxf1OJTLS7CvInuNd7,audio_features,spotify:track:6u0EAxf1OJTLS7CvInuNd7,0.557
169,170,Feels,Calvin Harris,4124506,https://open.spotify.com/track/5bcTCxgc7xVfSaMV3RuVke,19,0.0642,https://api.spotify.com/v1/audio-analysis/5bcTCxgc7xVfSaMV3RuVke,0.893,223413,0.745,5bcTCxgc7xVfSaMV3RuVke,0.0,11,0.0943,-3.105,0,0.0571,101.01799999999999,4,https://api.spotify.com/v1/tracks/5bcTCxgc7xVfSaMV3RuVke,audio_features,spotify:track:5bcTCxgc7xVfSaMV3RuVke,0.872
170,171,El Farsante - Remix,Ozuna,4113952,https://open.spotify.com/track/7uYgVgRSgqluZclLS7wpp4,20,0.218,https://api.spotify.com/v1/audio-analysis/7uYgVgRSgqluZclLS7wpp4,0.737,258000,0.742,7uYgVgRSgqluZclLS7wpp4,0.0,6,0.316,-2.875,1,0.0441,119.96600000000001,4,https://api.spotify.com/v1/tracks/7uYgVgRSgqluZclLS7wpp4,audio_features,spotify:track:7uYgVgRSgqluZclLS7wpp4,0.386
171,172,Wait,Maroon 5,4098956,https://open.spotify.com/track/1Qg9jWGDkKAGZXj5v2OG59,21,0.0803,https://api.spotify.com/v1/audio-analysis/4lUnFLtn8w3W76FiYDRzmO,0.648,190643,0.603,4lUnFLtn8w3W76FiYDRzmO,0.0,8,0.11199999999999999,-5.098,1,0.0507,126.116,4,https://api.spotify.com/v1/tracks/4lUnFLtn8w3W76FiYDRzmO,audio_features,spotify:track:4lUnFLtn8w3W76FiYDRzmO,0.488
172,173,What About Us,P!nk,4070774,https://open.spotify.com/track/0Qh38w01QRXK6KHIv0e3hb,22,0.0285,https://api.spotify.com/v1/audio-analysis/0Qh38w01QRXK6KHIv0e3hb,0.489,269600,0.588,0Qh38w01QRXK6KHIv0e3hb,2.11e-06,1,0.0906,-6.1770000000000005,1,0.0507,113.617,4,https://api.spotify.com/v1/tracks/0Qh38w01QRXK6KHIv0e3hb,audio_features,spotify:track:0Qh38w01QRXK6KHIv0e3hb,0.187
173,174,Glorious (feat. Skylar Grey),Macklemore,4070381,https://open.spotify.com/track/0CokSRCu5hZgPxcZBaEzVE,23,0.0323,https://api.spotify.com/v1/audio-analysis/0CokSRCu5hZgPxcZBaEzVE,0.731,220454,0.794,0CokSRCu5hZgPxcZBaEzVE,2.59e-05,0,0.11199999999999999,-5.126,0,0.0522,139.994,4,https://api.spotify.com/v1/tracks/0CokSRCu5hZgPxcZBaEzVE,audio_features,spotify:track:0CokSRCu5hZgPxcZBaEzVE,0.35600000000000004
174,175,"1, 2, 3 (feat. Jason Derulo & De La Ghetto)",Sofia Reyes,4052789,https://open.spotify.com/track/4QtiVmuA88tPQiCOHZuQ5b,24,0.165,https://api.spotify.com/v1/audio-analysis/4QtiVmuA88tPQiCOHZuQ5b,0.792,201526,0.895,4QtiVmuA88tPQiCOHZuQ5b,0.0,1,0.0501,-3.112,0,0.0589,94.96799999999999,4,https://api.spotify.com/v1/tracks/4QtiVmuA88tPQiCOHZuQ5b,audio_features,spotify:track:4QtiVmuA88tPQiCOHZuQ5b,0.794
175,176,Barking,Ramz,4032607,https://open.spotify.com/track/7amMgNDcObIDkIXv4xcvc2,25,0.154,https://api.spotify.com/v1/audio-analysis/2U5cq89GCnsR1yixKkC8d5,0.48200000000000004,202827,0.47200000000000003,2U5cq89GCnsR1yixKkC8d5,0.0,7,0.0659,-8.038,0,0.251,92.249,4,https://api.spotify.com/v1/tracks/2U5cq89GCnsR1yixKkC8d5,audio_features,spotify:track:2U5cq89GCnsR1yixKkC8d5,0.773
176,177,It Ain't Me (with Selena Gomez),Kygo,4017575,https://open.spotify.com/track/3eR23VReFzcdmS7TYCrhCe,26,0.11800000000000001,https://api.spotify.com/v1/audio-analysis/677RjvAT2lpYjo1Whczjzx,0.606,216587,0.535,677RjvAT2lpYjo1Whczjzx,0.0,0,0.36200000000000004,-6.545,1,0.098,99.979,4,https://api.spotify.com/v1/tracks/677RjvAT2lpYjo1Whczjzx,audio_features,spotify:track:677RjvAT2lpYjo1Whczjzx,0.522
177,178,"Home (with Machine Gun Kelly, X Ambassadors & Bebe Rexha)",Machine Gun Kelly,4008091,https://open.spotify.com/track/0OI7AFifLSoGzpb8bdBLLV,27,0.00413,https://api.spotify.com/v1/audio-analysis/0OI7AFifLSoGzpb8bdBLLV,0.653,202805,0.718,0OI7AFifLSoGzpb8bdBLLV,0.0,3,0.0537,-5.232,0,0.213,82.03399999999999,4,https://api.spotify.com/v1/tracks/0OI7AFifLSoGzpb8bdBLLV,audio_features,spotify:track:0OI7AFifLSoGzpb8bdBLLV,0.21600000000000003
178,179,Despacito (Featuring Daddy Yankee),Luis Fonsi,3985641,https://open.spotify.com/track/4aWmUDTfIPGksMNLV2rQP2,28,0.2,https://api.spotify.com/v1/audio-analysis/7CUYHcu0RnbOnMz4RuN07w,0.618,228200,0.7929999999999999,7CUYHcu0RnbOnMz4RuN07w,0.0,2,0.106,-4.777,1,0.151,88.387,4,https://api.spotify.com/v1/tracks/7CUYHcu0RnbOnMz4RuN07w,audio_features,spotify:track:7CUYHcu0RnbOnMz4RuN07w,0.8740000000000001
179,180,Stay,Zedd,3966842,https://open.spotify.com/track/0I20rLT2MJDhcF96AjbNYo,29,0.222,https://api.spotify.com/v1/audio-analysis/1OIvYRsglIHhljLmSEXw7k,0.6709999999999999,213360,0.595,1OIvYRsglIHhljLmSEXw7k,0.0,5,0.111,-6.035,0,0.0699,101.985,4,https://api.spotify.com/v1/tracks/1OIvYRsglIHhljLmSEXw7k,audio_features,spotify:track:1OIvYRsglIHhljLmSEXw7k,0.56
180,181,Wonderwall - Remastered,Oasis,3942904,https://open.spotify.com/track/5qqabIl2vWzo9ApSC317sa,30,0.000453,https://api.spotify.com/v1/audio-analysis/5wj4E6IsrVtn8IBJQOd0Cl,0.37200000000000005,258733,0.865,5wj4E6IsrVtn8IBJQOd0Cl,0.0,2,0.23399999999999999,-4.918,1,0.0381,174.53,4,https://api.spotify.com/v1/tracks/5wj4E6IsrVtn8IBJQOd0Cl,audio_features,spotify:track:5wj4E6IsrVtn8IBJQOd0Cl,0.478
181,182,Swalla (feat. Nicki Minaj & Ty Dolla $ign),Jason Derulo,3920604,https://open.spotify.com/track/6kex4EBAj0WHXDKZMEJaaF,31,0.075,https://api.spotify.com/v1/audio-analysis/6kex4EBAj0WHXDKZMEJaaF,0.696,216409,0.8170000000000001,6kex4EBAj0WHXDKZMEJaaF,0.0,1,0.187,-3.862,1,0.109,98.064,4,https://api.spotify.com/v1/tracks/6kex4EBAj0WHXDKZMEJaaF,audio_features,spotify:track:6kex4EBAj0WHXDKZMEJaaF,0.782
182,183,Una Lady Como Tú,Manuel Turizo,3867799,https://open.spotify.com/track/7MHN1aCFtLXjownGhvEQlF,32,0.5489999999999999,https://api.spotify.com/v1/audio-analysis/7MHN1aCFtLXjownGhvEQlF,0.7879999999999999,213027,0.47700000000000004,7MHN1aCFtLXjownGhvEQlF,0.0,4,0.349,-7.348,1,0.0434,94.98299999999999,4,https://api.spotify.com/v1/tracks/7MHN1aCFtLXjownGhvEQlF,audio_features,spotify:track:7MHN1aCFtLXjownGhvEQlF,0.86
183,184,'Till I Collapse,Eminem,3864801,https://open.spotify.com/track/6yr8GiTHWvFfi4o6Q5ebdT,33,0.0757,https://api.spotify.com/v1/audio-analysis/4xkOaSrkexMciUUogZKVTS,0.5720000000000001,297893,0.853,4xkOaSrkexMciUUogZKVTS,0.0,1,0.0798,-3.2030000000000003,1,0.217,171.297,4,https://api.spotify.com/v1/tracks/4xkOaSrkexMciUUogZKVTS,audio_features,spotify:track:4xkOaSrkexMciUUogZKVTS,0.102
184,185,Leave a Light On,Tom Walker,3864189,https://open.spotify.com/track/6lOWoTqVnAWXchddtTH31W,34,0.0153,https://api.spotify.com/v1/audio-analysis/6lOWoTqVnAWXchddtTH31W,0.586,185863,0.624,6lOWoTqVnAWXchddtTH31W,1.78e-06,5,0.133,-5.946000000000001,1,0.113,68.976,4,https://api.spotify.com/v1/tracks/6lOWoTqVnAWXchddtTH31W,audio_features,spotify:track:6lOWoTqVnAWXchddtTH31W,0.267
185,186,White Iverson,Post Malone,3854794,https://open.spotify.com/track/6eT7xZZlB2mwyzJ2sUKG6w,35,0.21600000000000003,https://api.spotify.com/v1/audio-analysis/6eT7xZZlB2mwyzJ2sUKG6w,0.674,256533,0.568,6eT7xZZlB2mwyzJ2sUKG6w,0.0,7,0.0863,-7.678,1,0.0349,130.08100000000002,4,https://api.spotify.com/v1/tracks/6eT7xZZlB2mwyzJ2sUKG6w,audio_features,spotify:track:6eT7xZZlB2mwyzJ2sUKG6w,0.321
186,187,Real Friends,Camila Cabello,3812972,https://open.spotify.com/track/3iq9nhbI8fcnNamxMft1uv,36,0.835,https://api.spotify.com/v1/audio-analysis/4V6MRo0CEAC9MwAm7dkPuL,0.74,213933,0.303,4V6MRo0CEAC9MwAm7dkPuL,0.0,3,0.0782,-8.612,1,0.11699999999999999,91.958,4,https://api.spotify.com/v1/tracks/4V6MRo0CEAC9MwAm7dkPuL,audio_features,spotify:track:4V6MRo0CEAC9MwAm7dkPuL,0.8190000000000001
187,188,Scared to Be Lonely,Martin Garrix,3761245,https://open.spotify.com/track/3ebXMykcMXOcLeJ9xZ17XH,37,0.0895,https://api.spotify.com/v1/audio-analysis/3ebXMykcMXOcLeJ9xZ17XH,0.584,220883,0.54,3ebXMykcMXOcLeJ9xZ17XH,0.0,1,0.261,-7.7860000000000005,0,0.0576,137.972,4,https://api.spotify.com/v1/tracks/3ebXMykcMXOcLeJ9xZ17XH,audio_features,spotify:track:3ebXMykcMXOcLeJ9xZ17XH,0.195
188,189,Redemption (with Babes Wodumo),Zacari,3759457,https://open.spotify.com/track/76iVOVsliCHlWqKuDnCfhE,38,0.132,https://api.spotify.com/v1/audio-analysis/76iVOVsliCHlWqKuDnCfhE,0.7809999999999999,222093,0.77,76iVOVsliCHlWqKuDnCfhE,0.0185,11,0.124,-7.085,0,0.0901,125.075,4,https://api.spotify.com/v1/tracks/76iVOVsliCHlWqKuDnCfhE,audio_features,spotify:track:76iVOVsliCHlWqKuDnCfhE,0.6709999999999999
189,190,Bloody Waters (with Anderson .Paak & James Blake),Ab-Soul,3730355,https://open.spotify.com/track/4KXwFI9pgJLpUIAc9oSL8j,39,0.17600000000000002,https://api.spotify.com/v1/audio-analysis/4KXwFI9pgJLpUIAc9oSL8j,0.501,272307,0.606,4KXwFI9pgJLpUIAc9oSL8j,0.0,8,0.158,-8.86,1,0.445,180.41299999999998,4,https://api.spotify.com/v1/tracks/4KXwFI9pgJLpUIAc9oSL8j,audio_features,spotify:track:4KXwFI9pgJLpUIAc9oSL8j,0.19399999999999998
190,191,KEKE,6ix9ine,3719624,https://open.spotify.com/track/0zl3PdjIl320fK0pxBGWNR,40,0.0363,https://api.spotify.com/v1/audio-analysis/0zl3PdjIl320fK0pxBGWNR,0.597,151915,0.857,0zl3PdjIl320fK0pxBGWNR,0.0,2,0.40700000000000003,-5.7589999999999995,1,0.28,187.96400000000003,4,https://api.spotify.com/v1/tracks/0zl3PdjIl320fK0pxBGWNR,audio_features,spotify:track:0zl3PdjIl320fK0pxBGWNR,0.493
191,192,La Modelo,Ozuna,3704079,https://open.spotify.com/track/2m2ZGfJcs3lHWNPzhWH3XH,41,0.213,https://api.spotify.com/v1/audio-analysis/2m2ZGfJcs3lHWNPzhWH3XH,0.8220000000000001,256551,0.743,2m2ZGfJcs3lHWNPzhWH3XH,0.0103,1,0.0957,-2.0380000000000003,1,0.0451,98.005,4,https://api.spotify.com/v1/tracks/2m2ZGfJcs3lHWNPzhWH3XH,audio_features,spotify:track:2m2ZGfJcs3lHWNPzhWH3XH,0.78
192,193,All of Me,John Legend,3686788,https://open.spotify.com/track/3uhBIQ7tv8j1FME8cFGEfG,42,0.922,https://api.spotify.com/v1/audio-analysis/3U4isOIWM3VvDubwSI3y7a,0.42200000000000004,269560,0.264,3U4isOIWM3VvDubwSI3y7a,0.0,8,0.132,-7.064,1,0.0322,119.93,4,https://api.spotify.com/v1/tracks/3U4isOIWM3VvDubwSI3y7a,audio_features,spotify:track:3U4isOIWM3VvDubwSI3y7a,0.331
193,194,Back to You (feat. Bebe Rexha & Digital Farm Animals),Louis Tomlinson,3682667,https://open.spotify.com/track/7F9vK8hNFMml4GtHsaXui6,43,0.207,https://api.spotify.com/v1/audio-analysis/7F9vK8hNFMml4GtHsaXui6,0.6829999999999999,190428,0.53,7F9vK8hNFMml4GtHsaXui6,0.0,5,0.39399999999999996,-4.918,0,0.142,75.016,4,https://api.spotify.com/v1/tracks/7F9vK8hNFMml4GtHsaXui6,audio_features,spotify:track:7F9vK8hNFMml4GtHsaXui6,0.645
194,195,Bad At Love,Halsey,3676068,https://open.spotify.com/track/7y9iMe8SOB6z3NoHE2OfXl,44,0.06,https://api.spotify.com/v1/audio-analysis/7y9iMe8SOB6z3NoHE2OfXl,0.675,181279,0.736,7y9iMe8SOB6z3NoHE2OfXl,0.0,0,0.0879,-3.6039999999999996,1,0.0302,118.369,4,https://api.spotify.com/v1/tracks/7y9iMe8SOB6z3NoHE2OfXl,audio_features,spotify:track:7y9iMe8SOB6z3NoHE2OfXl,0.607
195,196,Mr. Brightside,The Killers,3648780,https://open.spotify.com/track/7oK9VyNzrYvRFo7nQEYkWN,45,0.00108,https://api.spotify.com/v1/audio-analysis/7oK9VyNzrYvRFo7nQEYkWN,0.33,222587,0.9359999999999999,7oK9VyNzrYvRFo7nQEYkWN,0.0,1,0.0926,-3.66,1,0.0917,148.112,4,https://api.spotify.com/v1/tracks/7oK9VyNzrYvRFo7nQEYkWN,audio_features,spotify:track:7oK9VyNzrYvRFo7nQEYkWN,0.23399999999999999
196,197,Diplomatic Immunity,Drake,3645041,https://open.spotify.com/track/5goGDc74vVREyN8al8CkPh,46,0.00468,https://api.spotify.com/v1/audio-analysis/5goGDc74vVREyN8al8CkPh,0.664,255840,0.848,5goGDc74vVREyN8al8CkPh,0.0,9,0.287,-5.2139999999999995,0,0.44,75.22,4,https://api.spotify.com/v1/tracks/5goGDc74vVREyN8al8CkPh,audio_features,spotify:track:5goGDc74vVREyN8al8CkPh,0.5489999999999999
197,198,Red Roses (feat. Landon Cube),Lil Skies,3636000,https://open.spotify.com/track/3ZhTT6yjZwpPph5MIJ53XY,47,0.7170000000000001,https://api.spotify.com/v1/audio-analysis/5IKOXYnhzrLxqhlI0btiaa,0.599,262062,0.818,5IKOXYnhzrLxqhlI0btiaa,1.4099999999999999e-05,9,0.228,-4.215,0,0.0881,140.009,4,https://api.spotify.com/v1/tracks/5IKOXYnhzrLxqhlI0btiaa,audio_features,spotify:track:5IKOXYnhzrLxqhlI0btiaa,0.475
198,199,Happier,Ed Sheeran,3634742,https://open.spotify.com/track/2RttW7RAu5nOAfq6YFvApB,48,0.536,https://api.spotify.com/v1/audio-analysis/2RttW7RAu5nOAfq6YFvApB,0.522,207520,0.385,2RttW7RAu5nOAfq6YFvApB,0.0,0,0.135,-7.355,1,0.0288,89.792,4,https://api.spotify.com/v1/tracks/2RttW7RAu5nOAfq6YFvApB,audio_features,spotify:track:2RttW7RAu5nOAfq6YFvApB,0.23600000000000002
199,200,Without You (feat. Sandro Cavazza),Avicii,3616689,https://open.spotify.com/track/6WbADFqMvR8N5u0BvtsWQE,49,0.0018,https://api.spotify.com/v1/audio-analysis/6Pgkp4qUoTmJIPn7ReaGxL,0.653,181673,0.863,6Pgkp4qUoTmJIPn7ReaGxL,0.0,2,0.0406,-4.7989999999999995,1,0.0457,134.004,4,https://api.spotify.com/v1/tracks/6Pgkp4qUoTmJIPn7ReaGxL,audio_features,spotify:track:6Pgkp4qUoTmJIPn7ReaGxL,0.276
